ID,Name,Types,Species,Height,Weight,Abilities
810,Grookey,Grass,Chimp Pokémon,0.3,5.0,"Overgrow, Grassy Surge"
811,Thwackey,Grass,Beat Pokémon,0.7,14.0,"Overgrow, Grassy Surge"
812,Rillaboom,Grass,Drummer Pokémon,2.1,90.0,"Overgrow, Grassy Surge"
813,Scorbunny,Fire,Rabbit Pokémon,0.3,4.5,"Blaze, Libero"
814,Raboot,Fire,Rabbit Pokémon,0.6,9.0,"Blaze, Libero"
815,Cinderace,Fire,Striker Pokémon,1.4,33.0,"Blaze, Libero"
816,Sobble,Water,Water Lizard Pokémon,0.3,4.0,"Torrent, Sniper"
817,Drizzile,Water,Water lizard Pokémon,0.7,11.5,"Torrent, Sniper"
818,Inteleon,Water,Secret Agent Pokémon,1.9,45.2,"Torrent, Sniper"
824,Blipbug,Bug,Larva Pokémon,0.4,8.0,"Swarm, Compound Eyes, Telepathy"
825,Dottler,"Bug, Psychic",Radome Pokémon,0.4,19.5,"Swarm, Compound Eyes, Telepathy"
826,Orbeetle,"Bug, Psychic",Seven Spot Pokémon,0.4,40.8,"Swarm, Frisk, Telepathy"
010,Caterpie,Bug,Worm Pokémon,0.3,2.9,"Shield Dust, Run Away"
011,Metapod,Bug,Cocoon Pokémon,0.7,9.9,Shed Skin
012,Butterfree,"Bug, Flying",Butterfly Pokémon,1.1,32.0,"Compound Eyes, Tinted Lens"
736,Grubbin,Bug,Larva Pokémon,0.4,4.4,Swarm
737,Charjabug,"Bug, Electric",Battery Pokémon,0.5,10.5,Battery
738,Vikavolt,"Bug, Electric",Stag Beetle Pokémon,1.5,45.0,Levitate
163,Hoothoot,"Normal, Flying",Owl Pokémon,0.7,21.2,"Insomnia, Keen Eye, Tinted Lens"
164,Noctowl,"Normal, Flying",Owl Pokémon,1.6,40.8,"Insomnia, Keen Eye, Tinted Lens"
821,Rookidee,Flying,Tiny Bird Pokémon,0.2,1.8,"Keen Eye, Unnerve, Big Pecks"
822,Corvisquire,Flying,Raven Pokémon,0.8,16.0,"Keen Eye, Unnerve, Big Pecks"
823,Corviknight,"Flying, Steel",Raven Pokémon,2.2,75.0,"Pressure, Unnerve, Mirror Armor"
819,Skwovet,Normal,Cheeky Pokémon,0.3,2.5,"Cheek Pouch, Gluttony"
820,Greedent,Normal,Greedy Pokémon,0.6,6.0,"Cheek Pouch, Gluttony"
519,Pidove,"Normal, Flying",Tiny Pigeon Pokémon,0.3,2.1,"Big Pecks, Super Luck, Rivalry"
520,Tranquill,"Normal, Flying",Wild Pigeon Pokémon,0.6,15.0,"Big Pecks, Super Luck, Rivalry"
521,Unfezant,"Normal, Flying",Proud Pokémon,1.2,29.0,"Big Pecks, Super Luck, Rivalry"
827,Nickit,Dark,Fox Pokémon,0.6,8.9,"Run Away, Unburden, Stakeout"
828,Thievul,Dark,Fox Pokémon,1.2,19.9,"Run Away, Unburden, Stakeout"
263,Zigzagoon,Normal,TinyRaccoon Pokémon,0.4,17.5,"Pickup, Gluttony, Quick Feet"
264,Linoone,Normal,Rushing Pokémon,0.5,32.5,"Pickup, Gluttony, Quick Feet"
862,Obstagoon,"Dark, Normal",Blocking Pokémon,1.6,46.0,"Reckless, Guts, Defiant"
831,Wooloo,Normal,Sheep Pokémon,0.6,6.0,"Fluffy, Run Away, Bulletproof"
832,Dubwool,Normal,Sheep Pokémon,1.3,43.0,"Fluffy, Steadfast, Bulletproof"
270,Lotad,"Water, Grass",Water Weed Pokémon,0.5,2.6,"Swift Swim, Rain Dish, Own Tempo"
271,Lombre,"Water, Grass",Jolly Pokémon,1.2,32.5,"Swift Swim, Rain Dish, Own Tempo"
272,Ludicolo,"Water, Grass",Carefree Pokémon,1.5,55.0,"Swift Swim, Rain Dish, Own Tempo"
273,Seedot,Grass,Acorn Pokémon,0.5,4.0,"Chlorophyll, Early Bird, Pickpocket"
274,Nuzleaf,"Grass, Dark",Wily Pokémon,1.0,28.0,"Chlorophyll, Early Bird, Pickpocket"
275,Shiftry,"Grass, Dark",Wicked Pokémon,1.3,59.6,"Chlorophyll, Early Bird, Pickpocket"
833,Chewtle,Water,Snapping Pokémon,0.3,8.5,"Strong Jaw, Shell Armor, Swift Swim"
834,Drednaw,"Water, Rock",Bite Pokémon,1.0,115.5,"Strong Jaw, Shell Armor, Swift Swim"
509,Purrloin,Dark,Devious Pokémon,0.4,10.1,"Limber, Unburden, Prankster"
510,Liepard,Dark,Cruel Pokémon,1.1,37.5,"Limber, Unburden, Prankster"
835,Yamper,Electric,Puppy Pokémon,0.3,13.5,"Ball Fetch, Rattled"
836,Boltund,Electric,Dog Pokémon,1.0,34.0,"Strong Jaw, Competitive"
659,Bunnelby,Normal,Digging Pokémon,0.4,5.0,"Pickup, Cheek Pouch, Huge Power"
660,Diggersby,"Normal, Ground",Digging Pokémon,1.0,42.4,"Pickup, Cheek Pouch, Huge Power"
572,Minccino,Normal,Chinchilla Pokémon,0.4,5.8,"Cute Charm, Technician, Skill Link"
573,Cinccino,Normal,Scarf Pokémon,0.5,7.5,"Cute Charm, Technician, Skill Link"
761,Bounsweet,Grass,Fruit Pokémon,0.3,3.2,"Leaf Guard, Oblivious, Sweet Veil"
762,Steenee,Grass,Fruit Pokémon,0.7,8.2,"Leaf Guard, Oblivious, Sweet Veil"
763,Tsareena,Grass,Fruit Pokémon,1.2,21.4,"Leaf Guard, Queenly Majesty, Sweet Veil"
043,Oddish,"Grass, Poison",Weed Pokémon,0.5,5.4,"Chlorophyll, Run Away"
044,Gloom,"Grass, Poison",Weed Pokémon,0.8,8.6,"Chlorophyll, Stench"
045,Vileplume,"Grass, Poison",Flower Pokémon,1.2,18.6,"Chlorophyll, Effect Spore"
182,Bellossom,Grass,Flower Pokémon,0.4,5.8,"Chlorophyll, Healer"
406,Budew,"Grass, Poison",Bud Pokémon,0.2,1.2,"Natural Cure, Poison Point, Leaf Guard"
315,Roselia,"Grass, Poison",Thorn Pokémon,0.3,2.0,"Natural Cure, Poison Point, Leaf Guard"
407,Roserade,"Grass, Poison",Bouquet Pokémon,0.9,14.5,"Natural Cure, Poison Point, Technician"
278,Wingull,"Water, Flying",Seagull Pokémon,0.6,9.5,"Keen Eye, Hydration, Rain Dish"
279,Pelipper,"Water, Flying",Water Bird Pokémon,1.2,28.0,"Keen Eye, Drizzle, Rain Dish"
595,Joltik,"Bug, Electric",Attaching Pokémon,0.1,0.6,"Compound Eyes, Unnerve, Swarm"
596,Galvantula,"Bug, Electric",EleSpider Pokémon,0.8,14.3,"Compound Eyes, Unnerve, Swarm"
309,Electrike,Electric,Lightning Pokémon,0.6,15.2,"Static, Lightning Rod, Minus"
310,Manectric,Electric,Discharge Pokémon,1.5,40.2,"Static, Lightning Rod, Minus"
037,Vulpix,Fire,Fox Pokémon,0.6,9.9,"Flash Fire, Drought"
038,Ninetales,Fire,Fox Pokémon,1.1,19.9,"Flash Fire, Drought"
058,Growlithe,Fire,Puppy Pokémon,0.7,19.0,"Intimidate, Flash Fire, Justified"
059,Arcanine,Fire,Legendary Pokémon,1.9,155.0,"Intimidate, Flash Fire, Justified"
582,Vanillite,Ice,Fresh Snow Pokémon,0.4,5.7,"Ice Body, Snow Cloak, Weak Armor"
583,Vanillish,Ice,Icy Snow Pokémon,1.1,41.0,"Ice Body, Snow Cloak, Weak Armor"
584,Vanilluxe,Ice,Snowstorm Pokémon,1.3,57.5,"Ice Body, Snow Warning, Weak Armor"
220,Swinub,"Ice, Ground",Pig Pokémon,0.4,6.5,"Oblivious, Snow Cloak, Thick Fat"
221,Piloswine,"Ice, Ground",Swine Pokémon,1.1,55.8,"Oblivious, Snow Cloak, Thick Fat"
473,Mamoswine,"Ice, Ground",Twin Tusk Pokémon,2.5,291.0,"Oblivious, Snow Cloak, Thick Fat"
225,Delibird,"Ice, Flying",Delivery Pokémon,0.9,16.0,"Vital Spirit, Hustle, Insomnia"
361,Snorunt,Ice,Snow Hat Pokémon,0.7,16.8,"Inner Focus, Ice Body, Moody"
362,Glalie,Ice,Face Pokémon,1.5,256.5,"Inner Focus, Ice Body, Moody"
478,Froslass,"Ice, Ghost",Snow Land Pokémon,1.3,26.6,"Snow Cloak, Cursed Body"
343,Baltoy,"Ground, Psychic",Clay Doll Pokémon,0.5,21.5,Levitate
344,Claydol,"Ground, Psychic",Clay Doll Pokémon,1.5,108.0,Levitate
749,Mudbray,Ground,Donkey Pokémon,1.0,110.0,"Own Tempo, Stamina, Inner Focus"
750,Mudsdale,Ground,Draft Horse Pokémon,2.5,920.0,"Own Tempo, Stamina, Inner Focus"
557,Dwebble,"Bug, Rock",Rock Inn Pokémon,0.3,14.5,"Sturdy, Shell Armor, Weak Armor"
558,Crustle,"Bug, Rock",Stone Home Pokémon,1.4,200.0,"Sturdy, Shell Armor, Weak Armor"
622,Golett,"Ground, Ghost",Automaton Pokémon,1.0,92.0,"Iron Fist, Klutz, No Guard"
623,Golurk,"Ground, Ghost",Automaton Pokémon,2.8,330.0,"Iron Fist, Klutz, No Guard"
517,Munna,Psychic,Dream Eater Pokémon,0.6,23.3,"Forewarn, Synchronize, Telepathy"
518,Musharna,Psychic,Drowsing Pokémon,1.1,60.5,"Forewarn, Synchronize, Telepathy"
177,Natu,"Psychic, Flying",Tiny Bird Pokémon,0.2,2.0,"Synchronize, Early Bird, Magic Bounce"
178,Xatu,"Psychic, Flying",Mystic Pokémon,1.5,15.0,"Synchronize, Early Bird, Magic Bounce"
759,Stufful,"Normal, Fighting",Flailing Pokémon,0.5,6.8,"Fluffy, Klutz, Cute Charm"
760,Bewear,"Normal, Fighting",Strong Arm Pokémon,2.1,135.0,"Fluffy, Klutz, Unnerve"
459,Snover,"Grass, Ice",Frost Tree Pokémon,1.0,50.5,"Snow Warning, Soundproof"
460,Abomasnow,"Grass, Ice",Frost Tree Pokémon,2.2,135.5,"Snow Warning, Soundproof"
098,Krabby,Water,River Crab Pokémon,0.4,6.5,"Hyper Cutter, Shell Armor, Sheer Force"
099,Kingler,Water,Pincer Pokémon,1.3,60.0,"Hyper Cutter, Shell Armor, Sheer Force"
194,Wooper,"Water, Ground",Water Fish Pokémon,0.4,8.5,"Damp, Water Absorb, Unaware"
195,Quagsire,"Water, Ground",Water Fish Pokémon,1.4,75.0,"Damp, Water Absorb, Unaware"
341,Corphish,Water,Ruffian Pokémon,0.6,11.5,"Hyper Cutter, Shell Armor, Adaptability"
342,Crawdaunt,"Water, Dark",Rogue Pokémon,1.1,32.8,"Hyper Cutter, Shell Armor, Adaptability"
290,Nincada,"Bug, Ground",Trainee Pokémon,0.5,5.5,"Compound Eyes, Run Away"
291,Ninjask,"Bug, Flying",Ninja Pokémon,0.8,12.0,"Speed Boost, Infiltrator"
292,Shedinja,"Bug, Ghost",Shed Pokémon,0.8,1.2,Wonder Guard
236,Tyrogue,Fighting,Scuffle Pokémon,0.7,21.0,"Guts, Steadfast, Vital Spirit"
106,Hitmonlee,Fighting,Kicking Pokémon,1.5,49.8,"Limber, Reckless, Unburden"
107,Hitmonchan,Fighting,Punching Pokémon,1.4,50.2,"Keen Eye, Iron Fist, Inner Focus"
237,Hitmontop,Fighting,Handstand Pokémon,1.4,48.0,"Intimidate, Technician, Steadfast"
674,Pancham,Fighting,Playful Pokémon,0.6,8.0,"Iron Fist, Mold Breaker, Scrappy"
675,Pangoro,"Fighting, Dark",Daunting Pokémon,2.1,136.0,"Iron Fist, Mold Breaker, Scrappy"
599,Klink,Steel,Gear Pokémon,0.3,21.0,"Plus, Minus, Clear Body"
600,Klang,Steel,Gear Pokémon,0.6,51.0,"Plus, Minus, Clear Body"
601,Klinklang,Steel,Gear Pokémon,0.6,81.0,"Plus, Minus, Clear Body"
415,Combee,"Bug, Flying",Tiny Bee Pokémon,0.3,5.5,"Honey Gather, Hustle"
416,Vespiquen,"Bug, Flying",Beehive Pokémon,1.2,38.5,"Pressure, Unnerve"
436,Bronzor,"Steel, Psychic",Bronze Pokémon,0.5,60.5,"Levitate, Heatproof, Heavy Metal"
437,Bronzong,"Steel, Psychic",Bronze Bell Pokémon,1.3,187.0,"Levitate, Heatproof, Heavy Metal"
280,Ralts,"Psychic, Fairy",Feeling Pokémon,0.4,6.6,"Synchronize, Trace, Telepathy"
281,Kirlia,"Psychic, Fairy",Emotion Pokémon,0.8,20.2,"Synchronize, Trace, Telepathy"
282,Gardevoir,"Psychic, Fairy",Embrace Pokémon,1.6,48.4,"Synchronize, Trace, Telepathy"
475,Gallade,"Psychic, Fighting",Blade Pokémon,1.6,52.0,"Steadfast, Justified"
425,Drifloon,"Ghost, Flying",Balloon Pokémon,0.4,1.2,"Aftermath, Unburden, Flare Boost"
426,Drifblim,"Ghost, Flying",Blimp Pokémon,1.2,15.0,"Aftermath, Unburden, Flare Boost"
829,Gossifleur,Grass,Flowering Pokémon,0.4,2.2,"Cotton Down, Regenerator, Effect Spore"
830,Eldegoss,Grass,Cotton Bloom Pokémon,0.5,2.5,"Cotton Down, Regenerator, Effect Spore"
420,Cherubi,Grass,Cherry Pokémon,0.4,3.3,Chlorophyll
421,Cherrim,Grass,Blossom Pokémon,0.5,9.3,Flower Gift
434,Stunky,"Poison, Dark",Skunk Pokémon,0.4,19.2,"Stench, Aftermath, Keen Eye"
435,Skuntank,"Poison, Dark",Skunk Pokémon,1.0,38.0,"Stench, Aftermath, Keen Eye"
535,Tympole,Water,Tadpole Pokémon,0.5,4.5,"Swift Swim, Hydration, Water Absorb"
536,Palpitoad,"Water, Ground",Vibration Pokémon,0.8,17.0,"Swift Swim, Hydration, Water Absorb"
537,Seismitoad,"Water, Ground",Vibration Pokémon,1.5,62.0,"Swift Swim, Poison Touch, Water Absorb"
355,Duskull,Ghost,Requiem Pokémon,0.8,15.0,"Levitate, Frisk"
356,Dusclops,Ghost,Beckon Pokémon,1.6,30.6,"Pressure, Frisk"
477,Dusknoir,Ghost,Gripper Pokémon,2.2,106.6,"Pressure, Frisk"
066,Machop,Fighting,Superpower Pokémon,0.8,19.5,"Guts, No Guard, Steadfast"
067,Machoke,Fighting,Superpower Pokémon,1.5,70.5,"Guts, No Guard, Steadfast"
068,Machamp,Fighting,Superpower Pokémon,1.6,130.0,"Guts, No Guard, Steadfast"
092,Gastly,"Ghost, Poison",Gas Pokémon,1.3,0.1,Levitate
093,Haunter,"Ghost, Poison",Gas Pokémon,1.6,0.1,Levitate
094,Gengar,"Ghost, Poison",Shadow Pokémon,1.5,40.5,Cursed Body
129,Magikarp,Water,Fish Pokémon,0.9,10.0,"Swift Swim, Rattled"
130,Gyarados,"Water, Flying",Atrocious Pokémon,6.5,235.0,"Intimidate, Moxie"
118,Goldeen,Water,Goldfish Pokémon,0.6,15.0,"Swift Swim, Water Veil, Lightning Rod"
119,Seaking,Water,Goldfish Pokémon,1.3,39.0,"Swift Swim, Water Veil, Lightning Rod"
223,Remoraid,Water,Jet Pokémon,0.6,12.0,"Hustle, Sniper, Moody"
224,Octillery,Water,Jet Pokémon,0.9,28.5,"Suction Cups, Sniper, Moody"
090,Shellder,Water,Bivalve Pokémon,0.3,4.0,"Shell Armor, Skill Link, Overcoat"
091,Cloyster,"Water, Ice",Bivalve Pokémon,1.5,132.5,"Shell Armor, Skill Link, Overcoat"
349,Feebas,Water,Fish Pokémon,0.6,7.4,"Swift Swim, Oblivious, Adaptability"
350,Milotic,Water,Tender Pokémon,6.2,162.0,"Marvel Scale, Competitive, Cute Charm"
550,Basculin,Water,Hostile Pokémon,1.0,18.0,"Reckless, Adaptability, Mold Breaker"
746,Wishiwashi,Water,Small Fry Pokémon,0.2,0.3,Schooling
771,Pyukumuku,Water,Sea Cucumber Pokémon,0.3,1.2,"Innards Out, Unaware"
568,Trubbish,Poison,Trash Bag Pokémon,0.6,31.0,"Stench, Sticky Hold, Aftermath"
569,Garbodor,Poison,Trash Heap Pokémon,1.9,107.3,"Stench, Weak Armor, Aftermath"
850,Sizzlipede,"Fire, Bug",Radiator Pokémon,0.7,1.0,"Flash Fire, White Smoke, Flame Body"
851,Centiskorch,"Fire, Bug",Radiator Pokémon,3.0,120.0,"Flash Fire, White Smoke, Flame Body"
837,Rolycoly,Rock,Coal Pokémon,0.3,12.0,"Steam Engine, Heatproof, Flash Fire"
838,Carkol,"Rock, Fire",Coal Pokémon,1.1,78.0,"Steam Engine, Flame Body, Flash Fire"
839,Coalossal,"Rock, Fire",Coal Pokémon,2.8,310.5,"Steam Engine, Flame Body, Flash Fire"
050,Diglett,Ground,Mole Pokémon,0.2,0.8,"Sand Veil, Arena Trap, Sand Force"
051,Dugtrio,Ground,Mole Pokémon,0.7,33.3,"Sand Veil, Arena Trap, Sand Force"
529,Drilbur,Ground,Mole Pokémon,0.3,8.5,"Sand Rush, Sand Force, Mold Breaker"
530,Excadrill,"Ground, Steel",Subterrene Pokémon,0.7,40.4,"Sand Rush, Sand Force, Mold Breaker"
524,Roggenrola,Rock,Mantle Pokémon,0.4,18.0,"Sturdy, Weak Armor, Sand Force"
525,Boldore,Rock,Ore Pokémon,0.9,102.0,"Sturdy, Weak Armor, Sand Force"
526,Gigalith,Rock,Compressed Pokémon,1.7,260.0,"Sturdy, Sand Stream, Sand Force"
532,Timburr,Fighting,Muscular Pokémon,0.6,12.5,"Guts, Sheer Force, Iron Fist"
533,Gurdurr,Fighting,Muscular Pokémon,1.2,40.0,"Guts, Sheer Force, Iron Fist"
534,Conkeldurr,Fighting,Muscular Pokémon,1.4,87.0,"Guts, Sheer Force, Iron Fist"
527,Woobat,"Psychic, Flying",Bat Pokémon,0.4,2.1,"Unaware, Klutz, Simple"
528,Swoobat,"Psychic, Flying",Courting Pokémon,0.9,10.5,"Unaware, Klutz, Simple"
714,Noibat,"Flying, Dragon",Sound Wave Pokémon,0.5,8.0,"Frisk, Infiltrator, Telepathy"
715,Noivern,"Flying, Dragon",Sound Wave Pokémon,1.5,85.0,"Frisk, Infiltrator, Telepathy"
095,Onix,"Rock, Ground",Rock Snake Pokémon,8.8,210.0,"Rock Head, Sturdy, Weak Armor"
208,Steelix,"Steel, Ground",Iron Snake Pokémon,9.2,400.0,"Rock Head, Sturdy, Sheer Force"
846,Arrokuda,Water,Rush Pokémon,0.5,1.0,"Swift Swim, Propeller Tail"
847,Barraskewda,Water,Skewer Pokémon,1.3,30.0,"Swift Swim, Propeller Tail"
052,Meowth,Normal,Scratch Cat Pokémon,0.4,4.2,"Pickup, Technician, Unnerve"
863,Perrserker,Steel,Viking Pokémon,0.8,28.0,"Battle Armor, Tough Claws, Steely Spirit"
053,Persian,Normal,Classy Cat Pokémon,1.0,32.0,"Limber, Technician, Unnerve"
868,Milcery,Fairy,Cream Pokémon,0.2,0.3,"Sweet Veil, Aroma Veil"
869,Alcremie,Fairy,Cream Pokémon,0.3,0.5,"Sweet Veil, Aroma Veil"
742,Cutiefly,"Bug, Fairy",Bee Fly Pokémon,0.1,0.2,"Honey Gather, Shield Dust, Sweet Veil"
743,Ribombee,"Bug, Fairy",Bee Fly Pokémon,0.2,0.5,"Honey Gather, Shield Dust, Sweet Veil"
597,Ferroseed,"Grass, Steel",Thorn Seed Pokémon,0.6,18.8,Iron Barbs
598,Ferrothorn,"Grass, Steel",Thorn Pod Pokémon,1.0,110.0,"Iron Barbs, Anticipation"
710,Pumpkaboo,"Ghost, Grass",Pumpkin Pokémon,0.4,5.0,"Pickup, Frisk, Insomnia"
711,Gourgeist,"Ghost, Grass",Pumpkin Pokémon,0.9,12.5,"Pickup, Frisk, Insomnia"
172,Pichu,Electric,Tiny Mouse Pokémon,0.3,2.0,"Static, Lightning Rod"
025,Pikachu,Electric,Mouse Pokémon,0.4,6.0,"Static, Lightning Rod"
026,Raichu,Electric,Mouse Pokémon,0.8,30.0,"Static, Lightning Rod"
133,Eevee,Normal,Evolution Pokémon,0.3,6.5,"Run Away, Adaptability, Anticipation"
134,Vaporeon,Water,Bubble Jet Pokémon,1.0,29.0,"Water Absorb, Hydration"
135,Jolteon,Electric,Lightning Pokémon,0.8,24.5,"Volt Absorb, Quick Feet"
136,Flareon,Fire,Flame Pokémon,0.9,25.0,"Flash Fire, Guts"
196,Espeon,Psychic,Sun Pokémon,0.9,26.5,"Synchronize, Magic Bounce"
197,Umbreon,Dark,Moonlight Pokémon,1.0,27.0,"Synchronize, Inner Focus"
470,Leafeon,Grass,Verdant Pokémon,1.0,25.5,"Leaf Guard, Chlorophyll"
471,Glaceon,Ice,Fresh Snow Pokémon,0.8,25.9,"Snow Cloak, Ice Body"
700,Sylveon,Fairy,Intertwining Pokémon,1.0,23.5,"Cute Charm, Pixilate"
840,Applin,"Grass, Dragon",Apple Core Pokémon,0.2,0.5,"Ripen, Gluttony, Bulletproof"
841,Flapple,"Grass, Dragon",Apple Wing Pokémon,0.3,1.0,"Ripen, Gluttony, Hustle"
842,Appletun,"Grass, Dragon",Apple Nectar Pokémon,0.4,13.0,"Ripen, Gluttony, Thick Fat"
677,Espurr,Psychic,Restraint Pokémon,0.3,3.5,"Keen Eye, Infiltrator, Own Tempo"
678,Meowstic,Psychic,Constraint Pokémon,0.6,8.5,"Keen Eye, Infiltrator, Prankster"
684,Swirlix,Fairy,Cotton Candy Pokémon,0.4,3.5,"Sweet Veil, Unburden"
685,Slurpuff,Fairy,Meringue Pokémon,0.8,5.0,"Sweet Veil, Unburden"
682,Spritzee,Fairy,Perfume Pokémon,0.2,0.5,"Healer, Aroma Veil"
683,Aromatisse,Fairy,Fragrance Pokémon,0.8,15.5,"Healer, Aroma Veil"
751,Dewpider,"Water, Bug",Water Bubble Pokémon,0.3,4.0,"Water Bubble, Water Absorb"
752,Araquanid,"Water, Bug",Water Bubble Pokémon,1.8,82.0,"Water Bubble, Water Absorb"
360,Wynaut,Psychic,Bright Pokémon,0.6,14.0,"Shadow Tag, Telepathy"
202,Wobbuffet,Psychic,Patient Pokémon,1.3,28.5,"Shadow Tag, Telepathy"
083,Farfetch'd,"Normal, Flying",Wild Duck Pokémon,0.8,15.0,"Keen Eye, Inner Focus, Defiant"
865,Sirfetch'd,Fighting,Wild Duck Pokémon,0.8,117.0,"Steadfast, Scrappy"
170,Chinchou,"Water, Electric",Angler Pokémon,0.5,12.0,"Volt Absorb, Illuminate, Water Absorb"
171,Lanturn,"Water, Electric",Light Pokémon,1.2,22.5,"Volt Absorb, Illuminate, Water Absorb"
453,Croagunk,"Poison, Fighting",Toxic Mouth Pokémon,0.7,23.0,"Anticipation, Dry Skin, Poison Touch"
454,Toxicroak,"Poison, Fighting",Toxic Mouth Pokémon,1.3,44.4,"Anticipation, Dry Skin, Poison Touch"
559,Scraggy,"Dark, Fighting",Shedding Pokémon,0.6,11.8,"Shed Skin, Moxie, Intimidate"
560,Scrafty,"Dark, Fighting",Hoodlum Pokémon,1.1,30.0,"Shed Skin, Moxie, Intimidate"
618,Stunfisk,"Ground, Electric",Trap Pokémon,0.7,11.0,"Static, Limber, Sand Veil"
213,Shuckle,"Bug, Rock",Mold Pokémon,0.6,20.5,"Sturdy, Gluttony, Contrary"
339,Barboach,"Water, Ground",Whiskers Pokémon,0.4,1.9,"Oblivious, Anticipation, Hydration"
340,Whiscash,"Water, Ground",Whiskers Pokémon,0.9,23.6,"Oblivious, Anticipation, Hydration"
422,Shellos,Water,Sea Slug Pokémon,0.3,6.3,"Sticky Hold, Storm Drain, Sand Force"
423,Gastrodon,"Water, Ground",Sea Slug Pokémon,0.9,29.9,"Sticky Hold, Storm Drain, Sand Force"
767,Wimpod,"Bug, Water",Turn Tail Pokémon,0.5,12.0,Wimp Out
768,Golisopod,"Bug, Water",Hard Scale Pokémon,2.0,108.0,Emergency Exit
688,Binacle,"Rock, Water",Two-Handed Pokémon,0.5,31.0,"Sniper, Tough Claws, Pickpocket"
689,Barbaracle,"Rock, Water",Collective Pokémon,1.3,96.0,"Sniper, Tough Claws, Pickpocket"
222,Corsola,"Water, Rock",Coral Pokémon,0.6,5.0,"Hustle, Natural Cure, Regenerator"
864,Cursola,Ghost,Coral Pokémon,1.0,0.4,"Weak Armor, Perish Body"
859,Impidimp,"Dark, Fairy",Wily Pokémon,0.4,5.5,"Prankster, Frisk, Pickpocket"
860,Morgrem,"Dark, Fairy",Devious Pokémon,0.8,12.5,"Prankster, Frisk, Pickpocket"
861,Grimmsnarl,"Dark, Fairy",Bulk Up Pokémon,1.5,61.0,"Prankster, Frisk, Pickpocket"
856,Hatenna,Psychic,Calm Pokémon,0.4,3.4,"Healer, Anticipation, Magic Bounce"
857,Hattrem,Psychic,Serene Pokémon,0.6,4.8,"Healer, Anticipation, Magic Bounce"
858,Hatterene,"Psychic, Fairy",Silent Pokémon,2.1,5.0,"Healer, Anticipation, Magic Bounce"
757,Salandit,"Poison, Fire",Toxic Lizard Pokémon,0.6,4.8,"Corrosion, Oblivious"
758,Salazzle,"Poison, Fire",Toxic Lizard Pokémon,1.2,22.2,"Corrosion, Oblivious"
624,Pawniard,"Dark, Steel",Sharp Blade Pokémon,0.5,10.2,"Defiant, Inner Focus, Pressure"
625,Bisharp,"Dark, Steel",Sword Blade Pokémon,1.6,70.0,"Defiant, Inner Focus, Pressure"
538,Throh,Fighting,Judo Pokémon,1.3,55.5,"Guts, Inner Focus, Mold Breaker"
539,Sawk,Fighting,Karate Pokémon,1.4,51.0,"Sturdy, Inner Focus, Mold Breaker"
109,Koffing,Poison,Poison Gas Pokémon,0.6,1.0,"Levitate, Neutralizing Gas, Stench"
110,Weezing,Poison,Poison Gas Pokémon,1.2,9.5,"Levitate, Neutralizing Gas, Stench"
438,Bonsly,Rock,Bonsai Pokémon,0.5,15.0,"Sturdy, Rock Head, Rattled"
185,Sudowoodo,Rock,Imitation Pokémon,1.2,38.0,"Sturdy, Rock Head, Rattled"
173,Cleffa,Fairy,Star Shape Pokémon,0.3,3.0,"Cute Charm, Magic Guard, Friend Guard"
035,Clefairy,Fairy,Fairy Pokémon,0.6,7.5,"Cute Charm, Magic Guard, Friend Guard"
036,Clefable,Fairy,Fairy Pokémon,1.3,40.0,"Cute Charm, Magic Guard, Unaware"
175,Togepi,Fairy,Spike Ball Pokémon,0.3,1.5,"Hustle, Serene Grace, Super Luck"
176,Togetic,"Fairy, Flying",Happiness Pokémon,0.6,3.2,"Hustle, Serene Grace, Super Luck"
468,Togekiss,"Fairy, Flying",Jubilee Pokémon,1.5,38.0,"Hustle, Serene Grace, Super Luck"
446,Munchlax,Normal,Big Eater Pokémon,0.6,105.0,"Pickup, Thick Fat, Gluttony"
143,Snorlax,Normal,Sleeping Pokémon,2.1,460.0,"Immunity, Thick Fat, Gluttony"
546,Cottonee,"Grass, Fairy",Cotton Puff Pokémon,0.3,0.6,"Prankster, Infiltrator, Chlorophyll"
547,Whimsicott,"Grass, Fairy",Windveiled Pokémon,0.7,6.6,"Prankster, Infiltrator, Chlorophyll"
111,Rhyhorn,"Ground, Rock",Spikes Pokémon,1.0,115.0,"Lightning Rod, Rock Head, Reckless"
112,Rhydon,"Ground, Rock",Drill Pokémon,1.9,120.0,"Lightning Rod, Rock Head, Reckless"
464,Rhyperior,"Ground, Rock",Drill Pokémon,2.4,282.8,"Lightning Rod, Solid Rock, Reckless"
574,Gothita,Psychic,Fixation Pokémon,0.4,5.8,"Frisk, Competitive, Shadow Tag"
575,Gothorita,Psychic,Manipulate Pokémon,0.7,18.0,"Frisk, Competitive, Shadow Tag"
576,Gothitelle,Psychic,Astral Body Pokémon,1.5,44.0,"Frisk, Competitive, Shadow Tag"
577,Solosis,Psychic,Cell Pokémon,0.3,1.0,"Overcoat, Magic Guard, Regenerator"
578,Duosion,Psychic,Mitosis Pokémon,0.6,8.0,"Overcoat, Magic Guard, Regenerator"
579,Reuniclus,Psychic,Multiplying Pokémon,1.0,20.1,"Overcoat, Magic Guard, Regenerator"
588,Karrablast,Bug,Clamping Pokémon,0.5,5.9,"Swarm, Shed Skin, No Guard"
589,Escavalier,"Bug, Steel",Cavalry Pokémon,1.0,33.0,"Swarm, Shell Armor, Overcoat"
616,Shelmet,Bug,Snail Pokémon,0.4,7.7,"Hydration, Shell Armor, Overcoat"
617,Accelgor,Bug,Shell Out Pokémon,0.8,25.3,"Hydration, Sticky Hold, Unburden"
605,Elgyem,Psychic,Cerebral Pokémon,0.5,9.0,"Telepathy, Synchronize, Analytic"
606,Beheeyem,Psychic,Cerebral Pokémon,1.0,34.5,"Telepathy, Synchronize, Analytic"
613,Cubchoo,Ice,Chill Pokémon,0.5,8.5,"Snow Cloak, Slush Rush, Rattled"
614,Beartic,Ice,Freezing Pokémon,2.6,260.0,"Snow Cloak, Slush Rush, Swift Swim"
627,Rufflet,"Normal, Flying",Eaglet Pokémon,0.5,10.5,"Keen Eye, Sheer Force, Hustle"
628,Braviary,"Normal, Flying",Valiant Pokémon,1.5,41.0,"Keen Eye, Sheer Force, Defiant"
629,Vullaby,"Dark, Flying",Diapered Pokémon,0.5,9.0,"Big Pecks, Overcoat, Weak Armor"
630,Mandibuzz,"Dark, Flying",Bone Vulture Pokémon,1.2,39.5,"Big Pecks, Overcoat, Weak Armor"
451,Skorupi,"Poison, Bug",Scorpion Pokémon,0.8,12.0,"Battle Armor, Sniper, Keen Eye"
452,Drapion,"Poison, Dark",Ogre Scorp Pokémon,1.3,61.5,"Battle Armor, Sniper, Keen Eye"
607,Litwick,"Ghost, Fire",Candle Pokémon,0.3,3.1,"Flash Fire, Flame Body, Infiltrator"
608,Lampent,"Ghost, Fire",Lamp Pokémon,0.6,13.0,"Flash Fire, Flame Body, Infiltrator"
609,Chandelure,"Ghost, Fire",Luring Pokémon,1.0,34.3,"Flash Fire, Flame Body, Infiltrator"
686,Inkay,"Dark, Psychic",Revolving Pokémon,0.4,3.5,"Contrary, Suction Cups, Infiltrator"
687,Malamar,"Dark, Psychic",Overturning Pokémon,1.5,47.0,"Contrary, Suction Cups, Infiltrator"
215,Sneasel,"Dark, Ice",Sharp Claw Pokémon,0.9,28.0,"Inner Focus, Keen Eye, Pickpocket"
461,Weavile,"Dark, Ice",Sharp Claw Pokémon,1.1,34.0,"Pressure, Pickpocket"
302,Sableye,"Dark, Ghost",Darkness Pokémon,0.5,11.0,"Keen Eye, Stall, Prankster"
303,Mawile,"Steel, Fairy",Deceiver Pokémon,0.6,11.5,"Hyper Cutter, Intimidate, Sheer Force"
556,Maractus,Grass,Cactus Pokémon,1.0,28.0,"Water Absorb, Chlorophyll, Storm Drain"
561,Sigilyph,"Psychic, Flying",Avianoid Pokémon,1.4,14.0,"Wonder Skin, Magic Guard, Tinted Lens"
447,Riolu,Fighting,Emanation Pokémon,0.7,20.2,"Steadfast, Inner Focus, Prankster"
448,Lucario,"Fighting, Steel",Aura Pokémon,1.2,54.0,"Steadfast, Inner Focus, Justified"
324,Torkoal,Fire,Coal Pokémon,0.5,80.4,"White Smoke, Drought, Shell Armor"
778,Mimikyu,"Ghost, Fairy",Disguise Pokémon,0.2,0.7,Disguise
878,Cufant,Steel,Copperderm Pokémon,1.2,100.0,"Sheer Force, Heavy Metal"
879,Copperajah,Steel,Copperderm Pokémon,3.0,650.0,"Sheer Force, Heavy Metal"
211,Qwilfish,"Water, Poison",Balloon Pokémon,0.5,3.9,"Poison Point, Swift Swim, Intimidate"
592,Frillish,"Water, Ghost",Floating Pokémon,1.2,33.0,"Water Absorb, Cursed Body, Damp"
593,Jellicent,"Water, Ghost",Floating Pokémon,2.2,135.0,"Water Absorb, Cursed Body, Damp"
747,Mareanie,"Poison, Water",Brutal Star Pokémon,0.4,8.0,"Merciless, Limber, Regenerator"
748,Toxapex,"Poison, Water",Brutal Star Pokémon,0.7,14.5,"Merciless, Limber, Regenerator"
845,Cramorant,"Flying, Water",Gulp Pokémon,0.8,18.0,Gulp Missile
848,Toxel,"Electric, Poison",Baby Pokémon,0.4,11.0,"Rattled, Static, Klutz"
849,Toxtricity,"Electric, Poison",Punk Pokémon,1.6,40.0,"Punk Rock, Minus, Technician"
843,Silicobra,Ground,Sand Snake Pokémon,2.2,7.6,"Sand Spit, Shed Skin, Sand Veil"
844,Sandaconda,Ground,Sand Snake Pokémon,3.8,65.5,"Sand Spit, Shed Skin, Sand Veil"
449,Hippopotas,Ground,Hippo Pokémon,0.8,49.5,"Sand Stream, Sand Force"
450,Hippowdon,Ground,Heavyweight Pokémon,2.0,300.0,"Sand Stream, Sand Force"
632,Durant,"Bug, Steel",Iron Ant Pokémon,0.3,33.0,"Swarm, Hustle, Truant"
631,Heatmor,Fire,Anteater Pokémon,1.4,58.0,"Gluttony, Flash Fire, White Smoke"
694,Helioptile,"Electric, Normal",Generator Pokémon,0.5,6.0,"Dry Skin, Sand Veil, Solar Power"
695,Heliolisk,"Electric, Normal",Generator Pokémon,1.0,21.0,"Dry Skin, Sand Veil, Solar Power"
701,Hawlucha,"Fighting, Flying",Wrestling Pokémon,0.8,21.5,"Limber, Unburden, Mold Breaker"
328,Trapinch,Ground,Ant Pit Pokémon,0.7,15.0,"Hyper Cutter, Arena Trap, Sheer Force"
329,Vibrava,"Ground, Dragon",Vibration Pokémon,1.1,15.3,Levitate
330,Flygon,"Ground, Dragon",Mystic Pokémon,2.0,82.0,Levitate
610,Axew,Dragon,Tusk Pokémon,0.6,18.0,"Rivalry, Mold Breaker, Unnerve"
611,Fraxure,Dragon,Axe Jaw Pokémon,1.0,36.0,"Rivalry, Mold Breaker, Unnerve"
612,Haxorus,Dragon,Axe Jaw Pokémon,1.8,105.5,"Rivalry, Mold Breaker, Unnerve"
562,Yamask,Ghost,Spirit Pokémon,0.5,1.5,Mummy
867,Runerigus,"Ground, Ghost",Grudge Pokémon,1.6,66.6,Wandering Spirit
563,Cofagrigus,Ghost,Coffin Pokémon,1.7,76.5,Mummy
679,Honedge,"Steel, Ghost",Sword Pokémon,0.8,2.0,No Guard
680,Doublade,"Steel, Ghost",Sword Pokémon,0.8,4.5,No Guard
681,Aegislash,"Steel, Ghost",Royal Sword Pokémon,1.7,53.0,Stance Change
077,Ponyta,Fire,Fire Horse Pokémon,1.0,30.0,"Run Away, Flash Fire, Flame Body"
078,Rapidash,Fire,Fire Horse Pokémon,1.7,95.0,"Run Away, Flash Fire, Flame Body"
854,Sinistea,Ghost,Black Tea Pokémon,0.1,0.2,"Weak Armor, Cursed Body"
855,Polteageist,Ghost,Black Tea Pokémon,0.2,0.4,"Weak Armor, Cursed Body"
876,Indeedee,"Psychic, Normal",Emotion Pokémon,0.9,28.0,"Inner Focus, Synchronize, Psychic Surge"
708,Phantump,"Ghost, Grass",Stump Pokémon,0.4,7.0,"Natural Cure, Frisk, Harvest"
709,Trevenant,"Ghost, Grass",Elder Tree Pokémon,1.5,71.0,"Natural Cure, Frisk, Harvest"
755,Morelull,"Grass, Fairy",Illuminating Pokémon,0.2,1.5,"Illuminate, Effect Spore, Rain Dish"
756,Shiinotic,"Grass, Fairy",Illuminating Pokémon,1.0,11.5,"Illuminate, Effect Spore, Rain Dish"
765,Oranguru,"Normal, Psychic",Sage Pokémon,1.5,76.0,"Inner Focus, Telepathy, Symbiosis"
766,Passimian,Fighting,Teamwork Pokémon,2.0,82.8,"Receiver, Defiant"
877,Morpeko,"Electric, Dark",Two-Sided Pokémon,0.3,3.0,Hunger Switch
870,Falinks,Fighting,Formation Pokémon,3.0,62.0,"Battle Armor, Defiant"
780,Drampa,"Normal, Dragon",Placid Pokémon,3.0,185.0,"Berserk, Sap Sipper, Cloud Nine"
776,Turtonator,"Fire, Dragon",Blast Turtle Pokémon,2.0,212.0,Shell Armor
777,Togedemaru,"Electric, Steel",Roly-Poly Pokémon,0.3,3.3,"Iron Barbs, Lightning Rod, Sturdy"
872,Snom,"Ice, Bug",Worm Pokémon,0.3,3.8,"Shield Dust, Ice Scales"
873,Frosmoth,"Ice, Bug",Frost Moth Pokémon,1.3,42.0,"Shield Dust, Ice Scales"
852,Clobbopus,Fighting,Tantrum Pokémon,0.6,4.0,"Limber, Technician"
853,Grapploct,Fighting,Tantrum Pokémon,1.6,39.0,"Limber, Technician"
871,Pincurchin,Electric,Sea Urchin Pokémon,0.3,1.0,"Lightning Rod, Electric Surge"
458,Mantyke,"Water, Flying",Kite Pokémon,1.0,65.0,"Swift Swim, Water Absorb, Water Veil"
226,Mantine,"Water, Flying",Kite Pokémon,2.1,220.0,"Swift Swim, Water Absorb, Water Veil"
320,Wailmer,Water,Ball Whale Pokémon,2.0,130.0,"Water Veil, Oblivious, Pressure"
321,Wailord,Water,Float Whale Pokémon,14.5,398.0,"Water Veil, Oblivious, Pressure"
712,Bergmite,Ice,Ice Chunk Pokémon,1.0,99.5,"Own Tempo, Ice Body, Sturdy"
713,Avalugg,Ice,Iceberg Pokémon,2.0,505.0,"Own Tempo, Ice Body, Sturdy"
781,Dhelmise,"Ghost, Grass",Sea Creeper Pokémon,3.9,210.0,Steelworker
131,Lapras,"Water, Ice",Transport Pokémon,2.5,220.0,"Water Absorb, Shell Armor, Hydration"
337,Lunatone,"Rock, Psychic",Meteorite Pokémon,1.0,168.0,Levitate
338,Solrock,"Rock, Psychic",Meteorite Pokémon,1.2,154.0,Levitate
439,Mime Jr.,"Psychic, Fairy",Mime Pokémon,0.6,13.0,"Soundproof, Filter, Technician"
122,Mr. Mime,"Psychic, Fairy",Barrier Pokémon,1.3,54.5,"Soundproof, Filter, Technician"
866,Mr. Rime,"Psychic, Ice",Comedian Pokémon,1.5,58.2,"Tangled Feet, Screen Cleaner, Ice Body"
554,Darumaka,Fire,Zen Charm Pokémon,0.6,37.5,"Hustle, Inner Focus"
555,Darmanitan,Fire,Blazing Pokémon,1.3,92.9,"Sheer Force, Zen Mode"
874,Stonjourner,Rock,Big Rock Pokémon,2.5,520.0,Power Spot
875,Eiscue,Ice,Penguin Pokémon,1.4,89.0,Ice Face
884,Duraludon,"Steel, Dragon",Alloy Pokémon,1.8,40.0,"Light Metal, Heavy Metal, Stalwart"
479,Rotom,"Electric, Ghost",Plasma Pokémon,0.3,0.3,Levitate
132,Ditto,Normal,Transform Pokémon,0.3,4.0,"Limber, Imposter"
880,Dracozolt,"Electric, Dragon",Fossil Pokémon,1.8,190.0,"Volt Absorb, Hustle, Sand Rush"
881,Arctozolt,"Electric, Ice",Fossil Pokémon,2.3,150.0,"Volt Absorb, Static, Slush Rush"
882,Dracovish,"Water, Dragon",Fossil Pokémon,2.3,215.0,"Water Absorb, Strong Jaw, Sand Rush"
883,Arctovish,"Water, Ice",Fossil Pokémon,2.0,175.0,"Water Absorb, Ice Body, Slush Rush"
004,Charmander,Fire,Lizard Pokémon,0.6,8.5,"Blaze, Solar Power"
005,Charmeleon,Fire,Flame Pokémon,1.1,19.0,"Blaze, Solar Power"
006,Charizard,"Fire, Flying",Flame Pokémon,1.7,90.5,"Blaze, Solar Power"
772,Type: Null,Normal,Synthetic Pokémon,1.9,120.5,Battle Armor
773,Silvally,Normal,Synthetic Pokémon,2.3,100.5,RKS System
246,Larvitar,"Rock, Ground",Rock Skin Pokémon,0.6,72.0,"Guts, Sand Veil"
247,Pupitar,"Rock, Ground",Hard Shell Pokémon,1.2,152.0,Shed Skin
248,Tyranitar,"Rock, Dark",Armor Pokémon,2.0,202.0,"Sand Stream, Unnerve"
633,Deino,"Dark, Dragon",Irate Pokémon,0.8,17.3,Hustle
634,Zweilous,"Dark, Dragon",Hostile Pokémon,1.4,50.0,Hustle
635,Hydreigon,"Dark, Dragon",Brutal Pokémon,1.8,160.0,Levitate
704,Goomy,Dragon,Soft Tissue Pokémon,0.3,2.8,"Sap Sipper, Hydration, Gooey"
705,Sliggoo,Dragon,Soft Tissue Pokémon,0.8,17.5,"Sap Sipper, Hydration, Gooey"
706,Goodra,Dragon,Dragon Pokémon,2.0,150.5,"Sap Sipper, Hydration, Gooey"
782,Jangmo-o,Dragon,Scaly Pokémon,0.6,29.7,"Bulletproof, Soundproof, Overcoat"
783,Hakamo-o,"Dragon, Fighting",Scaly Pokémon,1.2,47.0,"Bulletproof, Soundproof, Overcoat"
784,Kommo-o,"Dragon, Fighting",Scaly Pokémon,1.6,78.2,"Bulletproof, Soundproof, Overcoat"
885,Dreepy,"Dragon, Ghost",Lingering Pokémon,0.5,2.0,"Clear Body, Infiltrator, Cursed Body"
886,Drakloak,"Dragon, Ghost",Caretaker Pokémon,1.4,11.0,"Clear Body, Infiltrator, Cursed Body"
887,Dragapult,"Dragon, Ghost",Stealth Pokémon,3.0,50.0,"Clear Body, Infiltrator, Cursed Body"
888,Zacian,"Fairy, Steel",Warrior Pokémon,2.8,355.0,Intrepid Sword
889,Zamazenta,"Fighting, Steel",Warrior Pokémon,2.9,785.0,Dauntless Shield
890,Eternatus,"Poison, Dragon",Gigantic Pokémon,20.0,950.0,Pressure
001,Bulbasaur,"Grass, Poison",Seed Pokémon,0.7,6.9,"Overgrow, Chlorophyll"
002,Ivysaur,"Grass, Poison",Seed Pokémon,1.0,13.0,"Overgrow, Chlorophyll"
003,Venusaur,"Grass, Poison",Seed Pokémon,2.0,100.0,"Overgrow, Chlorophyll"
007,Squirtle,Water,Tiny Turtle Pokémon,0.5,9.0,"Torrent, Rain Dish"
008,Wartortle,Water,Turtle Pokémon,1.0,22.5,"Torrent, Rain Dish"
009,Blastoise,Water,Shellfish Pokémon,1.6,85.5,"Torrent, Rain Dish"
013,Weedle,"Bug, Poison",Hairy Bug Pokémon,0.3,3.2,"Shield Dust, Run Away"
014,Kakuna,"Bug, Poison",Cocoon Pokémon,0.6,10.0,Shed Skin
015,Beedrill,"Bug, Poison",Poison Bee Pokémon,1.0,29.5,"Swarm, Sniper"
016,Pidgey,"Normal, Flying",Tiny Bird Pokémon,0.3,1.8,"Keen Eye, Tangled Feet, Big Pecks"
017,Pidgeotto,"Normal, Flying",Bird Pokémon,1.1,30.0,"Keen Eye, Tangled Feet, Big Pecks"
018,Pidgeot,"Normal, Flying",Bird Pokémon,1.5,39.5,"Keen Eye, Tangled Feet, Big Pecks"
019,Rattata,Normal,Mouse Pokémon,0.3,3.5,"Run Away, Guts, Hustle"
020,Raticate,Normal,Mouse Pokémon,0.7,18.5,"Run Away, Guts, Hustle"
021,Spearow,"Normal, Flying",Tiny Bird Pokémon,0.3,2.0,"Keen Eye, Sniper"
022,Fearow,"Normal, Flying",Beak Pokémon,1.2,38.0,"Keen Eye, Sniper"
023,Ekans,Poison,Snake Pokémon,2.0,6.9,"Intimidate, Shed Skin, Unnerve"
024,Arbok,Poison,Cobra Pokémon,3.5,65.0,"Intimidate, Shed Skin, Unnerve"
027,Sandshrew,Ground,Mouse Pokémon,0.6,12.0,"Sand Veil, Sand Rush"
028,Sandslash,Ground,Mouse Pokémon,1.0,29.5,"Sand Veil, Sand Rush"
029,Nidoran♀,Poison,Poison Pin Pokémon,0.4,7.0,"Poison Point, Rivalry, Hustle"
030,Nidorina,Poison,Poison Pin Pokémon,0.8,20.0,"Poison Point, Rivalry, Hustle"
031,Nidoqueen,"Poison, Ground",Drill Pokémon,1.3,60.0,"Poison Point, Rivalry, Sheer Force"
032,Nidoran♂,Poison,Poison Pin Pokémon,0.5,9.0,"Poison Point, Rivalry, Hustle"
033,Nidorino,Poison,Poison Pin Pokémon,0.9,19.5,"Poison Point, Rivalry, Hustle"
034,Nidoking,"Poison, Ground",Drill Pokémon,1.4,62.0,"Poison Point, Rivalry, Sheer Force"
039,Jigglypuff,"Normal, Fairy",Balloon Pokémon,0.5,5.5,"Cute Charm, Competitive, Friend Guard"
040,Wigglytuff,"Normal, Fairy",Balloon Pokémon,1.0,12.0,"Cute Charm, Competitive, Frisk"
041,Zubat,"Poison, Flying",Bat Pokémon,0.8,7.5,"Inner Focus, Infiltrator"
042,Golbat,"Poison, Flying",Bat Pokémon,1.6,55.0,"Inner Focus, Infiltrator"
046,Paras,"Bug, Grass",Mushroom Pokémon,0.3,5.4,"Effect Spore, Dry Skin, Damp"
047,Parasect,"Bug, Grass",Mushroom Pokémon,1.0,29.5,"Effect Spore, Dry Skin, Damp"
048,Venonat,"Bug, Poison",Insect Pokémon,1.0,30.0,"Compound Eyes, Tinted Lens, Run Away"
049,Venomoth,"Bug, Poison",Poison Moth Pokémon,1.5,12.5,"Shield Dust, Tinted Lens, Wonder Skin"
054,Psyduck,Water,Duck Pokémon,0.8,19.6,"Damp, Cloud Nine, Swift Swim"
055,Golduck,Water,Duck Pokémon,1.7,76.6,"Damp, Cloud Nine, Swift Swim"
056,Mankey,Fighting,Pig Monkey Pokémon,0.5,28.0,"Vital Spirit, Anger Point, Defiant"
057,Primeape,Fighting,Pig Monkey Pokémon,1.0,32.0,"Vital Spirit, Anger Point, Defiant"
060,Poliwag,Water,Tadpole Pokémon,0.6,12.4,"Water Absorb, Damp, Swift Swim"
061,Poliwhirl,Water,Tadpole Pokémon,1.0,20.0,"Water Absorb, Damp, Swift Swim"
062,Poliwrath,"Water, Fighting",Tadpole Pokémon,1.3,54.0,"Water Absorb, Damp, Swift Swim"
063,Abra,Psychic,Psi Pokémon,0.9,19.5,"Synchronize, Inner Focus, Magic Guard"
064,Kadabra,Psychic,Psi Pokémon,1.3,56.5,"Synchronize, Inner Focus, Magic Guard"
065,Alakazam,Psychic,Psi Pokémon,1.5,48.0,"Synchronize, Inner Focus, Magic Guard"
069,Bellsprout,"Grass, Poison",Flower Pokémon,0.7,4.0,"Chlorophyll, Gluttony"
070,Weepinbell,"Grass, Poison",Flycatcher Pokémon,1.0,6.4,"Chlorophyll, Gluttony"
071,Victreebel,"Grass, Poison",Flycatcher Pokémon,1.7,15.5,"Chlorophyll, Gluttony"
072,Tentacool,"Water, Poison",Jellyfish Pokémon,0.9,45.5,"Clear Body, Liquid Ooze, Rain Dish"
073,Tentacruel,"Water, Poison",Jellyfish Pokémon,1.6,55.0,"Clear Body, Liquid Ooze, Rain Dish"
074,Geodude,"Rock, Ground",Rock Pokémon,0.4,20.0,"Rock Head, Sturdy, Sand Veil"
075,Graveler,"Rock, Ground",Rock Pokémon,1.0,105.0,"Rock Head, Sturdy, Sand Veil"
076,Golem,"Rock, Ground",Megaton Pokémon,1.4,300.0,"Rock Head, Sturdy, Sand Veil"
079,Slowpoke,"Water, Psychic",Dopey Pokémon,1.2,36.0,"Oblivious, Own Tempo, Regenerator"
080,Slowbro,"Water, Psychic",Hermit Crab Pokémon,1.6,78.5,"Oblivious, Own Tempo, Regenerator"
081,Magnemite,"Electric, Steel",Magnet Pokémon,0.3,6.0,"Magnet Pull, Sturdy, Analytic"
082,Magneton,"Electric, Steel",Magnet Pokémon,1.0,60.0,"Magnet Pull, Sturdy, Analytic"
084,Doduo,"Normal, Flying",Twin Bird Pokémon,1.4,39.2,"Run Away, Early Bird, Tangled Feet"
085,Dodrio,"Normal, Flying",Triple Bird Pokémon,1.8,85.2,"Run Away, Early Bird, Tangled Feet"
086,Seel,Water,Sea Lion Pokémon,1.1,90.0,"Thick Fat, Hydration, Ice Body"
087,Dewgong,"Water, Ice",Sea Lion Pokémon,1.7,120.0,"Thick Fat, Hydration, Ice Body"
088,Grimer,Poison,Sludge Pokémon,0.9,30.0,"Stench, Sticky Hold, Poison Touch"
089,Muk,Poison,Sludge Pokémon,1.2,30.0,"Stench, Sticky Hold, Poison Touch"
096,Drowzee,Psychic,Hypnosis Pokémon,1.0,32.4,"Insomnia, Forewarn, Inner Focus"
097,Hypno,Psychic,Hypnosis Pokémon,1.6,75.6,"Insomnia, Forewarn, Inner Focus"
100,Voltorb,Electric,Ball Pokémon,0.5,10.4,"Soundproof, Static, Aftermath"
101,Electrode,Electric,Ball Pokémon,1.2,66.6,"Soundproof, Static, Aftermath"
102,Exeggcute,"Grass, Psychic",Egg Pokémon,0.4,2.5,"Chlorophyll, Harvest"
103,Exeggutor,"Grass, Psychic",Coconut Pokémon,2.0,120.0,"Chlorophyll, Harvest"
104,Cubone,Ground,Lonely Pokémon,0.4,6.5,"Rock Head, Lightning Rod, Battle Armor"
105,Marowak,Ground,Bone Keeper Pokémon,1.0,45.0,"Rock Head, Lightning Rod, Battle Armor"
108,Lickitung,Normal,Licking Pokémon,1.2,65.5,"Own Tempo, Oblivious, Cloud Nine"
113,Chansey,Normal,Egg Pokémon,1.1,34.6,"Natural Cure, Serene Grace, Healer"
114,Tangela,Grass,Vine Pokémon,1.0,35.0,"Chlorophyll, Leaf Guard, Regenerator"
115,Kangaskhan,Normal,Parent Pokémon,2.2,80.0,"Early Bird, Scrappy, Inner Focus"
116,Horsea,Water,Dragon Pokémon,0.4,8.0,"Swift Swim, Sniper, Damp"
117,Seadra,Water,Dragon Pokémon,1.2,25.0,"Poison Point, Sniper, Damp"
120,Staryu,Water,Star Shape Pokémon,0.8,34.5,"Illuminate, Natural Cure, Analytic"
121,Starmie,"Water, Psychic",Mysterious Pokémon,1.1,80.0,"Illuminate, Natural Cure, Analytic"
123,Scyther,"Bug, Flying",Mantis Pokémon,1.5,56.0,"Swarm, Technician, Steadfast"
124,Jynx,"Ice, Psychic",Human Shape Pokémon,1.4,40.6,"Oblivious, Forewarn, Dry Skin"
125,Electabuzz,Electric,Electric Pokémon,1.1,30.0,"Static, Vital Spirit"
126,Magmar,Fire,Spitfire Pokémon,1.3,44.5,"Flame Body, Vital Spirit"
127,Pinsir,Bug,Stag Beetle Pokémon,1.5,55.0,"Hyper Cutter, Mold Breaker, Moxie"
128,Tauros,Normal,Wild Bull Pokémon,1.4,88.4,"Intimidate, Anger Point, Sheer Force"
137,Porygon,Normal,Virtual Pokémon,0.8,36.5,"Trace, Download, Analytic"
138,Omanyte,"Rock, Water",Spiral Pokémon,0.4,7.5,"Swift Swim, Shell Armor, Weak Armor"
139,Omastar,"Rock, Water",Spiral Pokémon,1.0,35.0,"Swift Swim, Shell Armor, Weak Armor"
140,Kabuto,"Rock, Water",Shellfish Pokémon,0.5,11.5,"Swift Swim, Battle Armor, Weak Armor"
141,Kabutops,"Rock, Water",Shellfish Pokémon,1.3,40.5,"Swift Swim, Battle Armor, Weak Armor"
142,Aerodactyl,"Rock, Flying",Fossil Pokémon,1.8,59.0,"Rock Head, Pressure, Unnerve"
144,Articuno,"Ice, Flying",Freeze Pokémon,1.7,55.4,"Pressure, Snow Cloak"
145,Zapdos,"Electric, Flying",Electric Pokémon,1.6,52.6,"Pressure, Static"
146,Moltres,"Fire, Flying",Flame Pokémon,2.0,60.0,"Pressure, Flame Body"
147,Dratini,Dragon,Dragon Pokémon,1.8,3.3,"Shed Skin, Marvel Scale"
148,Dragonair,Dragon,Dragon Pokémon,4.0,16.5,"Shed Skin, Marvel Scale"
149,Dragonite,"Dragon, Flying",Dragon Pokémon,2.2,210.0,"Inner Focus, Multiscale"
150,Mewtwo,Psychic,Genetic Pokémon,2.0,122.0,"Pressure, Unnerve"
151,Mew,Psychic,New Species Pokémon,0.4,4.0,Synchronize
808,Meltan,Steel,Hex Nut Pokémon,0.2,8.0,Magnet Pull
809,Melmetal,Steel,Hex Nut Pokémon,2.5,800.0,Iron Fist
722,Rowlet,"Grass, Flying",Grass Quill Pokémon,0.3,1.5,"Overgrow, Long Reach"
723,Dartrix,"Grass, Flying",Blade Quill Pokémon,0.7,16.0,"Overgrow, Long Reach"
724,Decidueye,"Grass, Ghost",Arrow Quill Pokémon,1.6,36.6,"Overgrow, Long Reach"
725,Litten,Fire,Fire Cat Pokémon,0.4,4.3,"Blaze, Intimidate"
726,Torracat,Fire,Fire Cat Pokémon,0.7,25.0,"Blaze, Intimidate"
727,Incineroar,"Fire, Dark",Heel Pokémon,1.8,83.0,"Blaze, Intimidate"
728,Popplio,Water,Sea Lion Pokémon,0.4,7.5,"Torrent, Liquid Voice"
729,Brionne,Water,Pop Star Pokémon,0.6,17.5,"Torrent, Liquid Voice"
730,Primarina,"Water, Fairy",Soloist Pokémon,1.8,44.0,"Torrent, Liquid Voice"
731,Pikipek,"Normal, Flying",Woodpecker Pokémon,0.3,1.2,"Keen Eye, Skill Link, Pickup"
732,Trumbeak,"Normal, Flying",Bugle Beak Pokémon,0.6,14.8,"Keen Eye, Skill Link, Pickup"
733,Toucannon,"Normal, Flying",Cannon Pokémon,1.1,26.0,"Keen Eye, Skill Link, Sheer Force"
734,Yungoos,Normal,Loitering Pokémon,0.4,6.0,"Strong Jaw, Stakeout, Adaptability"
735,Gumshoos,Normal,Stakeout Pokémon,0.7,14.2,"Strong Jaw, Stakeout, Adaptability"
165,Ledyba,"Bug, Flying",Five Star Pokémon,1.0,10.8,"Swarm, Early Bird, Rattled"
166,Ledian,"Bug, Flying",Five Star Pokémon,1.4,35.6,"Swarm, Early Bird, Iron Fist"
167,Spinarak,"Bug, Poison",String Spit Pokémon,0.5,8.5,"Swarm, Insomnia, Sniper"
168,Ariados,"Bug, Poison",Long Leg Pokémon,1.1,33.5,"Swarm, Insomnia, Sniper"
427,Buneary,Normal,Rabbit Pokémon,0.4,5.5,"Run Away, Klutz, Limber"
428,Lopunny,Normal,Rabbit Pokémon,1.2,33.3,"Cute Charm, Klutz, Limber"
570,Zorua,Dark,Tricky Fox Pokémon,0.7,12.5,Illusion
571,Zoroark,Dark,Illusion Fox Pokémon,1.6,81.1,Illusion
676,Furfrou,Normal,Poodle Pokémon,1.2,28.0,Fur Coat
440,Happiny,Normal,Playhouse Pokémon,0.6,24.4,"Natural Cure, Serene Grace, Friend Guard"
242,Blissey,Normal,Happiness Pokémon,1.5,46.8,"Natural Cure, Serene Grace, Healer"
199,Slowking,"Water, Psychic",Royal Pokémon,2.0,79.5,"Oblivious, Own Tempo, Regenerator"
462,Magnezone,"Electric, Steel",Magnet Area Pokémon,1.2,180.0,"Magnet Pull, Sturdy, Analytic"
206,Dunsparce,Normal,Land Snake Pokémon,1.5,14.0,"Serene Grace, Run Away, Rattled"
296,Makuhita,Fighting,Guts Pokémon,1.0,86.4,"Thick Fat, Guts, Sheer Force"
297,Hariyama,Fighting,Arm Thrust Pokémon,2.3,253.8,"Thick Fat, Guts, Sheer Force"
235,Smeargle,Normal,Painter Pokémon,1.2,58.0,"Own Tempo, Technician, Moody"
739,Crabrawler,Fighting,Boxing Pokémon,0.6,7.0,"Hyper Cutter, Iron Fist, Anger Point"
740,Crabominable,"Fighting, Ice",Woolly Crab Pokémon,1.7,180.0,"Hyper Cutter, Iron Fist, Anger Point"
198,Murkrow,"Dark, Flying",Darkness Pokémon,0.5,2.1,"Insomnia, Super Luck, Prankster"
430,Honchkrow,"Dark, Flying",Big Boss Pokémon,0.9,27.3,"Insomnia, Super Luck, Moxie"
169,Crobat,"Poison, Flying",Bat Pokémon,1.8,75.0,"Inner Focus, Infiltrator"
741,Oricorio,"Fire, Flying",Dancing Pokémon,0.6,3.4,Dancer
669,Flabébé,Fairy,Single Bloom Pokémon,0.1,0.1,"Flower Veil, Symbiosis"
670,Floette,Fairy,Single Bloom Pokémon,0.2,0.9,"Flower Veil, Symbiosis"
671,Florges,Fairy,Garden Pokémon,1.1,10.0,"Flower Veil, Symbiosis"
548,Petilil,Grass,Bulb Pokémon,0.5,6.6,"Chlorophyll, Own Tempo, Leaf Guard"
549,Lilligant,Grass,Flowering Pokémon,1.1,16.3,"Chlorophyll, Own Tempo, Leaf Guard"
238,Smoochum,"Ice, Psychic",Kiss Pokémon,0.4,6.0,"Oblivious, Forewarn, Hydration"
703,Carbink,"Rock, Fairy",Jewel Pokémon,0.3,5.7,"Clear Body, Sturdy"
744,Rockruff,Rock,Puppy Pokémon,0.5,9.2,"Keen Eye, Vital Spirit, Steadfast"
745,Lycanroc,Rock,Wolf Pokémon,0.8,25.0,"Keen Eye, Sand Rush, Steadfast"
327,Spinda,Normal,Spot Panda Pokémon,1.1,5.0,"Own Tempo, Tangled Feet, Contrary"
456,Finneon,Water,Wing Fish Pokémon,0.4,7.0,"Swift Swim, Storm Drain, Water Veil"
457,Lumineon,Water,Neon Pokémon,1.2,24.0,"Swift Swim, Storm Drain, Water Veil"
370,Luvdisc,Water,Rendezvous Pokémon,0.6,8.7,"Swift Swim, Hydration"
366,Clamperl,Water,Bivalve Pokémon,0.4,52.5,"Shell Armor, Rattled"
367,Huntail,Water,Deep Sea Pokémon,1.7,27.0,"Swift Swim, Water Veil"
368,Gorebyss,Water,South Sea Pokémon,1.8,22.6,"Swift Swim, Hydration"
371,Bagon,Dragon,Rock Head Pokémon,0.6,42.1,"Rock Head, Sheer Force"
372,Shelgon,Dragon,Endurance Pokémon,1.1,110.5,"Rock Head, Overcoat"
373,Salamence,"Dragon, Flying",Dragon Pokémon,1.5,102.6,"Intimidate, Moxie"
506,Lillipup,Normal,Puppy Pokémon,0.4,4.1,"Vital Spirit, Pickup, Run Away"
507,Herdier,Normal,Loyal Dog Pokémon,0.9,14.7,"Intimidate, Sand Rush, Scrappy"
508,Stoutland,Normal,Big-Hearted Pokémon,1.2,61.0,"Intimidate, Sand Rush, Scrappy"
179,Mareep,Electric,Wool Pokémon,0.6,7.8,"Static, Plus"
180,Flaaffy,Electric,Wool Pokémon,0.8,13.3,"Static, Plus"
181,Ampharos,Electric,Light Pokémon,1.4,61.5,"Static, Plus"
174,Igglybuff,"Normal, Fairy",Balloon Pokémon,0.3,1.0,"Cute Charm, Competitive, Friend Guard"
241,Miltank,Normal,Milk Cow Pokémon,1.2,75.5,"Thick Fat, Scrappy, Sap Sipper"
283,Surskit,"Bug, Water",Pond Skater Pokémon,0.5,1.7,"Swift Swim, Rain Dish"
284,Masquerain,"Bug, Flying",Eyeball Pokémon,0.8,3.6,"Intimidate, Unnerve"
753,Fomantis,Grass,Sickle Grass Pokémon,0.3,1.5,"Leaf Guard, Contrary"
754,Lurantis,Grass,Bloom Sickle Pokémon,0.9,18.5,"Leaf Guard, Contrary"
186,Politoed,Water,Frog Pokémon,1.1,33.9,"Water Absorb, Damp, Drizzle"
594,Alomomola,Water,Caring Pokémon,1.2,31.6,"Healer, Hydration, Regenerator"
661,Fletchling,"Normal, Flying",Tiny Robin Pokémon,0.3,1.7,"Big Pecks, Gale Wings"
662,Fletchinder,"Fire, Flying",Ember Pokémon,0.7,16.0,"Flame Body, Gale Wings"
663,Talonflame,"Fire, Flying",Scorching Pokémon,1.2,24.5,"Flame Body, Gale Wings"
240,Magby,Fire,Live Coal Pokémon,0.7,21.4,"Flame Body, Vital Spirit"
467,Magmortar,Fire,Blast Pokémon,1.6,68.0,"Flame Body, Vital Spirit"
636,Larvesta,"Bug, Fire",Torch Pokémon,1.1,28.8,"Flame Body, Swarm"
637,Volcarona,"Bug, Fire",Sun Pokémon,1.6,46.0,"Flame Body, Swarm"
764,Comfey,Fairy,Posy Picker Pokémon,0.1,0.3,"Flower Veil, Triage, Natural Cure"
352,Kecleon,Normal,Color Swap Pokémon,1.0,22.0,"Color Change, Protean"
351,Castform,Normal,Weather Pokémon,0.3,0.8,Forecast
769,Sandygast,"Ghost, Ground",Sand Heap Pokémon,0.5,70.0,"Water Compaction, Sand Veil"
770,Palossand,"Ghost, Ground",Sand Castle Pokémon,1.3,250.0,"Water Compaction, Sand Veil"
345,Lileep,"Rock, Grass",Sea Lily Pokémon,1.0,23.8,"Suction Cups, Storm Drain"
346,Cradily,"Rock, Grass",Barnacle Pokémon,1.5,60.4,"Suction Cups, Storm Drain"
347,Anorith,"Rock, Bug",Old Shrimp Pokémon,0.7,12.5,"Battle Armor, Swift Swim"
348,Armaldo,"Rock, Bug",Plate Pokémon,1.5,68.2,"Battle Armor, Swift Swim"
408,Cranidos,Rock,Head Butt Pokémon,0.9,31.5,"Mold Breaker, Sheer Force"
409,Rampardos,Rock,Head Butt Pokémon,1.6,102.5,"Mold Breaker, Sheer Force"
410,Shieldon,"Rock, Steel",Shield Pokémon,0.5,57.0,"Sturdy, Soundproof"
411,Bastiodon,"Rock, Steel",Shield Pokémon,1.3,149.5,"Sturdy, Soundproof"
566,Archen,"Rock, Flying",First Bird Pokémon,0.5,9.5,Defeatist
567,Archeops,"Rock, Flying",First Bird Pokémon,1.4,32.0,Defeatist
564,Tirtouga,"Water, Rock",Prototurtle Pokémon,0.7,16.5,"Solid Rock, Sturdy, Swift Swim"
565,Carracosta,"Water, Rock",Prototurtle Pokémon,1.2,81.0,"Solid Rock, Sturdy, Swift Swim"
696,Tyrunt,"Rock, Dragon",Royal Heir Pokémon,0.8,26.0,"Strong Jaw, Sturdy"
697,Tyrantrum,"Rock, Dragon",Despot Pokémon,2.5,270.0,"Strong Jaw, Rock Head"
698,Amaura,"Rock, Ice",Tundra Pokémon,1.3,25.2,"Refrigerate, Snow Warning"
699,Aurorus,"Rock, Ice",Tundra Pokémon,2.7,225.0,"Refrigerate, Snow Warning"
299,Nosepass,Rock,Compass Pokémon,1.0,97.0,"Sturdy, Magnet Pull, Sand Force"
476,Probopass,"Rock, Steel",Compass Pokémon,1.4,340.0,"Sturdy, Magnet Pull, Sand Force"
803,Poipole,Poison,Poison Pin Pokémon,0.6,1.8,Beast Boost
804,Naganadel,"Poison, Dragon",Poison Pin Pokémon,3.6,150.0,Beast Boost
718,Zygarde,"Dragon, Ground",Order Pokémon,5.0,305.0,"Aura Break, Power Construct"
204,Pineco,Bug,Bagworm Pokémon,0.6,7.2,"Sturdy, Overcoat"
205,Forretress,"Bug, Steel",Bagworm Pokémon,1.2,125.8,"Sturdy, Overcoat"
227,Skarmory,"Steel, Flying",Armor Bird Pokémon,1.7,50.5,"Keen Eye, Sturdy, Weak Armor"
774,Minior,"Rock, Flying",Meteor Pokémon,0.3,40.0,Shields Down
374,Beldum,"Steel, Psychic",Iron Ball Pokémon,0.6,95.2,"Clear Body, Light Metal"
375,Metang,"Steel, Psychic",Iron Claw Pokémon,1.2,202.5,"Clear Body, Light Metal"
376,Metagross,"Steel, Psychic",Iron Leg Pokémon,1.6,550.0,"Clear Body, Light Metal"
233,Porygon2,Normal,Virtual Pokémon,0.6,32.5,"Trace, Download, Analytic"
474,Porygon-Z,Normal,Virtual Pokémon,0.9,34.0,"Adaptability, Download, Analytic"
775,Komala,Normal,Drowsing Pokémon,0.4,19.9,Comatose
228,Houndour,"Dark, Fire",Dark Pokémon,0.6,10.8,"Early Bird, Flash Fire, Unnerve"
229,Houndoom,"Dark, Fire",Dark Pokémon,1.4,35.0,"Early Bird, Flash Fire, Unnerve"
702,Dedenne,"Electric, Fairy",Antenna Pokémon,0.2,2.2,"Cheek Pouch, Pickup, Plus"
239,Elekid,Electric,Electric Pokémon,0.6,23.5,"Static, Vital Spirit"
466,Electivire,Electric,Thunderbolt Pokémon,1.8,138.6,"Motor Drive, Vital Spirit"
551,Sandile,"Ground, Dark",Desert Croc Pokémon,0.7,15.2,"Intimidate, Moxie, Anger Point"
552,Krokorok,"Ground, Dark",Desert Croc Pokémon,1.0,33.4,"Intimidate, Moxie, Anger Point"
553,Krookodile,"Ground, Dark",Intimidation Pokémon,1.5,96.3,"Intimidate, Moxie, Anger Point"
443,Gible,"Dragon, Ground",Land Shark Pokémon,0.7,20.5,"Sand Veil, Rough Skin"
444,Gabite,"Dragon, Ground",Cave Pokémon,1.4,56.0,"Sand Veil, Rough Skin"
445,Garchomp,"Dragon, Ground",Mach Pokémon,1.9,95.0,"Sand Veil, Rough Skin"
707,Klefki,"Steel, Fairy",Key Ring Pokémon,0.2,3.0,"Prankster, Magician"
353,Shuppet,Ghost,Puppet Pokémon,0.6,2.3,"Insomnia, Frisk, Cursed Body"
354,Banette,Ghost,Marionette Pokémon,1.1,12.5,"Insomnia, Frisk, Cursed Body"
779,Bruxish,"Water, Psychic",Gnash Teeth Pokémon,0.9,19.0,"Dazzling, Strong Jaw, Wonder Skin"
359,Absol,Dark,Disaster Pokémon,1.2,47.0,"Pressure, Super Luck, Justified"
209,Snubbull,Fairy,Fairy Pokémon,0.6,7.8,"Intimidate, Run Away, Rattled"
210,Granbull,Fairy,Fairy Pokémon,1.4,48.7,"Intimidate, Quick Feet, Rattled"
369,Relicanth,"Water, Rock",Longevity Pokémon,1.0,23.4,"Swift Swim, Rock Head, Sturdy"
318,Carvanha,"Water, Dark",Savage Pokémon,0.8,20.8,"Rough Skin, Speed Boost"
319,Sharpedo,"Water, Dark",Brutal Pokémon,1.8,88.8,"Rough Skin, Speed Boost"
690,Skrelp,"Poison, Water",Mock Kelp Pokémon,0.5,7.3,"Poison Point, Poison Touch, Adaptability"
691,Dragalge,"Poison, Dragon",Mock Kelp Pokémon,1.8,81.5,"Poison Point, Poison Touch, Adaptability"
692,Clauncher,Water,Water Gun Pokémon,0.5,8.3,Mega Launcher
693,Clawitzer,Water,Howitzer Pokémon,1.3,35.3,Mega Launcher
357,Tropius,"Grass, Flying",Fruit Pokémon,2.0,100.0,"Chlorophyll, Solar Power, Harvest"
619,Mienfoo,Fighting,Martial Arts Pokémon,0.9,20.0,"Inner Focus, Regenerator, Reckless"
620,Mienshao,Fighting,Martial Arts Pokémon,1.4,35.5,"Inner Focus, Regenerator, Reckless"
587,Emolga,"Electric, Flying",Sky Squirrel Pokémon,0.4,5.0,"Static, Motor Drive"
212,Scizor,"Bug, Steel",Pincer Pokémon,1.8,118.0,"Swarm, Technician, Light Metal"
214,Heracross,"Bug, Fighting",Single Horn Pokémon,1.5,54.0,"Swarm, Guts, Moxie"
190,Aipom,Normal,Long Tail Pokémon,0.8,11.5,"Run Away, Pickup, Skill Link"
424,Ambipom,Normal,Long Tail Pokémon,1.2,20.3,"Technician, Pickup, Skill Link"
667,Litleo,"Fire, Normal",Lion Cub Pokémon,0.6,13.5,"Rivalry, Unnerve, Moxie"
668,Pyroar,"Fire, Normal",Royal Pokémon,1.5,81.5,"Rivalry, Unnerve, Moxie"
200,Misdreavus,Ghost,Screech Pokémon,0.7,1.0,Levitate
429,Mismagius,Ghost,Magical Pokémon,0.9,4.4,Levitate
621,Druddigon,Dragon,Cave Pokémon,1.6,139.0,"Rough Skin, Sheer Force, Mold Breaker"
463,Lickilicky,Normal,Licking Pokémon,1.7,140.0,"Own Tempo, Oblivious, Cloud Nine"
785,Tapu Koko,"Electric, Fairy",Land Spirit Pokémon,1.8,20.5,"Electric Surge, Telepathy"
786,Tapu Lele,"Psychic, Fairy",Land Spirit Pokémon,1.2,18.6,"Psychic Surge, Telepathy"
787,Tapu Bulu,"Grass, Fairy",Land Spirit Pokémon,1.9,45.5,"Grassy Surge, Telepathy"
788,Tapu Fini,"Water, Fairy",Land Spirit Pokémon,1.3,21.2,"Misty Surge, Telepathy"
789,Cosmog,Psychic,Nebula Pokémon,0.2,0.1,Unaware
790,Cosmoem,Psychic,Protostar Pokémon,0.1,999.9,Sturdy
791,Solgaleo,"Psychic, Steel",Sunne Pokémon,3.4,230.0,Full Metal Body
792,Lunala,"Psychic, Ghost",Moone Pokémon,4.0,120.0,Shadow Shield
805,Stakataka,"Rock, Steel",Rampart Pokémon,5.5,820.0,Beast Boost
806,Blacephalon,"Fire, Ghost",Fireworks Pokémon,1.8,13.0,Beast Boost
793,Nihilego,"Rock, Poison",Parasite Pokémon,1.2,55.5,Beast Boost
794,Buzzwole,"Bug, Fighting",Swollen Pokémon,2.4,333.6,Beast Boost
795,Pheromosa,"Bug, Fighting",Lissome Pokémon,1.8,25.0,Beast Boost
796,Xurkitree,Electric,Glowing Pokémon,3.8,100.0,Beast Boost
797,Celesteela,"Steel, Flying",Launch Pokémon,9.2,999.9,Beast Boost
798,Kartana,"Grass, Steel",Drawn Sword Pokémon,0.3,0.1,Beast Boost
799,Guzzlord,"Dark, Dragon",Junkivore Pokémon,5.5,888.0,Beast Boost
800,Necrozma,Psychic,Prism Pokémon,2.4,230.0,Prism Armor
801,Magearna,"Steel, Fairy",Artificial Pokémon,1.0,80.5,Soul-Heart
802,Marshadow,"Fighting, Ghost",Gloomdweller Pokémon,0.7,22.2,Technician
807,Zeraora,Electric,Thunderclap Pokémon,1.5,44.5,Volt Absorb
252,Treecko,Grass,Wood Gecko Pokémon,0.5,5.0,"Overgrow, Unburden"
253,Grovyle,Grass,Wood Gecko Pokémon,0.9,21.6,"Overgrow, Unburden"
254,Sceptile,Grass,Forest Pokémon,1.7,52.2,"Overgrow, Unburden"
255,Torchic,Fire,Chick Pokémon,0.4,2.5,"Blaze, Speed Boost"
256,Combusken,"Fire, Fighting",Young Fowl Pokémon,0.9,19.5,"Blaze, Speed Boost"
257,Blaziken,"Fire, Fighting",Blaze Pokémon,1.9,52.0,"Blaze, Speed Boost"
258,Mudkip,Water,Mud Fish Pokémon,0.4,7.6,"Torrent, Damp"
259,Marshtomp,"Water, Ground",Mud Fish Pokémon,0.7,28.0,"Torrent, Damp"
260,Swampert,"Water, Ground",Mud Fish Pokémon,1.5,81.9,"Torrent, Damp"
261,Poochyena,Dark,Bite Pokémon,0.5,13.6,"Run Away, Quick Feet, Rattled"
262,Mightyena,Dark,Bite Pokémon,1.0,37.0,"Intimidate, Quick Feet, Moxie"
265,Wurmple,Bug,Worm Pokémon,0.3,3.6,"Shield Dust, Run Away"
266,Silcoon,Bug,Cocoon Pokémon,0.6,10.0,Shed Skin
267,Beautifly,"Bug, Flying",Butterfly Pokémon,1.0,28.4,"Swarm, Rivalry"
268,Cascoon,Bug,Cocoon Pokémon,0.7,11.5,Shed Skin
269,Dustox,"Bug, Poison",Poison Moth Pokémon,1.2,31.6,"Shield Dust, Compound Eyes"
276,Taillow,"Normal, Flying",TinySwallow Pokémon,0.3,2.3,"Guts, Scrappy"
277,Swellow,"Normal, Flying",Swallow Pokémon,0.7,19.8,"Guts, Scrappy"
285,Shroomish,Grass,Mushroom Pokémon,0.4,4.5,"Effect Spore, Poison Heal, Quick Feet"
286,Breloom,"Grass, Fighting",Mushroom Pokémon,1.2,39.2,"Effect Spore, Poison Heal, Technician"
287,Slakoth,Normal,Slacker Pokémon,0.8,24.0,Truant
288,Vigoroth,Normal,Wild Monkey Pokémon,1.4,46.5,Vital Spirit
289,Slaking,Normal,Lazy Pokémon,2.0,130.5,Truant
293,Whismur,Normal,Whisper Pokémon,0.6,16.3,"Soundproof, Rattled"
294,Loudred,Normal,Big Voice Pokémon,1.0,40.5,"Soundproof, Scrappy"
295,Exploud,Normal,Loud Noise Pokémon,1.5,84.0,"Soundproof, Scrappy"
298,Azurill,"Normal, Fairy",Polka Dot Pokémon,0.2,2.0,"Thick Fat, Huge Power, Sap Sipper"
183,Marill,"Water, Fairy",Aqua Mouse Pokémon,0.4,8.5,"Thick Fat, Huge Power, Sap Sipper"
184,Azumarill,"Water, Fairy",Aqua Rabbit Pokémon,0.8,28.5,"Thick Fat, Huge Power, Sap Sipper"
300,Skitty,Normal,Kitten Pokémon,0.6,11.0,"Cute Charm, Normalize, Wonder Skin"
301,Delcatty,Normal,Prim Pokémon,1.1,32.6,"Cute Charm, Normalize, Wonder Skin"
304,Aron,"Steel, Rock",Iron Armor Pokémon,0.4,60.0,"Sturdy, Rock Head, Heavy Metal"
305,Lairon,"Steel, Rock",Iron Armor Pokémon,0.9,120.0,"Sturdy, Rock Head, Heavy Metal"
306,Aggron,"Steel, Rock",Iron Armor Pokémon,2.1,360.0,"Sturdy, Rock Head, Heavy Metal"
307,Meditite,"Fighting, Psychic",Meditate Pokémon,0.6,11.2,"Pure Power, Telepathy"
308,Medicham,"Fighting, Psychic",Meditate Pokémon,1.3,31.5,"Pure Power, Telepathy"
311,Plusle,Electric,Cheering Pokémon,0.4,4.2,"Plus, Lightning Rod"
312,Minun,Electric,Cheering Pokémon,0.4,4.2,"Minus, Volt Absorb"
313,Volbeat,Bug,Firefly Pokémon,0.7,17.7,"Illuminate, Swarm, Prankster"
314,Illumise,Bug,Firefly Pokémon,0.6,17.7,"Oblivious, Tinted Lens, Prankster"
316,Gulpin,Poison,Stomach Pokémon,0.4,10.3,"Liquid Ooze, Sticky Hold, Gluttony"
317,Swalot,Poison,Poison Bag Pokémon,1.7,80.0,"Liquid Ooze, Sticky Hold, Gluttony"
322,Numel,"Fire, Ground",Numb Pokémon,0.7,24.0,"Oblivious, Simple, Own Tempo"
323,Camerupt,"Fire, Ground",Eruption Pokémon,1.9,220.0,"Magma Armor, Solid Rock, Anger Point"
218,Slugma,Fire,Lava Pokémon,0.7,35.0,"Magma Armor, Flame Body, Weak Armor"
219,Magcargo,"Fire, Rock",Lava Pokémon,0.8,55.0,"Magma Armor, Flame Body, Weak Armor"
325,Spoink,Psychic,Bounce Pokémon,0.7,30.6,"Thick Fat, Own Tempo, Gluttony"
326,Grumpig,Psychic,Manipulate Pokémon,0.9,71.5,"Thick Fat, Own Tempo, Gluttony"
331,Cacnea,Grass,Cactus Pokémon,0.4,51.3,"Sand Veil, Water Absorb"
332,Cacturne,"Grass, Dark",Scarecrow Pokémon,1.3,77.4,"Sand Veil, Water Absorb"
333,Swablu,"Normal, Flying",Cotton Bird Pokémon,0.4,1.2,"Natural Cure, Cloud Nine"
334,Altaria,"Dragon, Flying",Humming Pokémon,1.1,20.6,"Natural Cure, Cloud Nine"
335,Zangoose,Normal,Cat Ferret Pokémon,1.3,40.3,"Immunity, Toxic Boost"
336,Seviper,Poison,Fang Snake Pokémon,2.7,52.5,"Shed Skin, Infiltrator"
433,Chingling,Psychic,Bell Pokémon,0.2,0.6,Levitate
358,Chimecho,Psychic,Wind Chime Pokémon,0.6,1.0,Levitate
203,Girafarig,"Normal, Psychic",Long Neck Pokémon,1.5,41.5,"Inner Focus, Early Bird, Sap Sipper"
231,Phanpy,Ground,Long Nose Pokémon,0.5,33.5,"Pickup, Sand Veil"
232,Donphan,Ground,Armor Pokémon,1.1,120.0,"Sturdy, Sand Veil"
363,Spheal,"Ice, Water",Clap Pokémon,0.8,39.5,"Thick Fat, Ice Body, Oblivious"
364,Sealeo,"Ice, Water",Ball Roll Pokémon,1.1,87.6,"Thick Fat, Ice Body, Oblivious"
365,Walrein,"Ice, Water",Ice Break Pokémon,1.4,150.6,"Thick Fat, Ice Body, Oblivious"
230,Kingdra,"Water, Dragon",Dragon Pokémon,1.8,152.0,"Swift Swim, Sniper, Damp"
377,Regirock,Rock,Rock Peak Pokémon,1.7,230.0,"Clear Body, Sturdy"
378,Regice,Ice,Iceberg Pokémon,1.8,175.0,"Clear Body, Ice Body"
379,Registeel,Steel,Iron Pokémon,1.9,205.0,"Clear Body, Light Metal"
380,Latias,"Dragon, Psychic",Eon Pokémon,1.4,40.0,Levitate
381,Latios,"Dragon, Psychic",Eon Pokémon,2.0,60.0,Levitate
382,Kyogre,Water,Sea Basin Pokémon,4.5,352.0,Drizzle
383,Groudon,Ground,Continent Pokémon,3.5,950.0,Drought
384,Rayquaza,"Dragon, Flying",Sky High Pokémon,7.0,206.5,Air Lock
385,Jirachi,"Steel, Psychic",Wish Pokémon,0.3,1.1,Serene Grace
386,Deoxys,Psychic,DNA Pokémon,1.7,60.8,Pressure
650,Chespin,Grass,Spiny Nut Pokémon,0.4,9.0,"Overgrow, Bulletproof"
651,Quilladin,Grass,Spiny Armor Pokémon,0.7,29.0,"Overgrow, Bulletproof"
652,Chesnaught,"Grass, Fighting",Spiny Armor Pokémon,1.6,90.0,"Overgrow, Bulletproof"
653,Fennekin,Fire,Fox Pokémon,0.4,9.4,"Blaze, Magician"
654,Braixen,Fire,Fox Pokémon,1.0,14.5,"Blaze, Magician"
655,Delphox,"Fire, Psychic",Fox Pokémon,1.5,39.0,"Blaze, Magician"
656,Froakie,Water,Bubble Frog Pokémon,0.3,7.0,"Torrent, Protean"
657,Frogadier,Water,Bubble Frog Pokémon,0.6,10.9,"Torrent, Protean"
658,Greninja,"Water, Dark",Ninja Pokémon,1.5,40.0,"Torrent, Protean"
664,Scatterbug,Bug,Scatterdust Pokémon,0.3,2.5,"Shield Dust, Compound Eyes, Friend Guard"
665,Spewpa,Bug,Scatterdust Pokémon,0.3,8.4,"Shed Skin, Friend Guard"
666,Vivillon,"Bug, Flying",Scale Pokémon,1.2,17.0,"Shield Dust, Compound Eyes, Friend Guard"
511,Pansage,Grass,Grass Monkey Pokémon,0.6,10.5,"Gluttony, Overgrow"
512,Simisage,Grass,Thorn Monkey Pokémon,1.1,30.5,"Gluttony, Overgrow"
513,Pansear,Fire,High Temp Pokémon,0.6,11.0,"Gluttony, Blaze"
514,Simisear,Fire,Ember Pokémon,1.0,28.0,"Gluttony, Blaze"
515,Panpour,Water,Spray Pokémon,0.6,13.5,"Gluttony, Torrent"
516,Simipour,Water,Geyser Pokémon,1.0,29.0,"Gluttony, Torrent"
399,Bidoof,Normal,Plump Mouse Pokémon,0.5,20.0,"Simple, Unaware, Moody"
400,Bibarel,"Normal, Water",Beaver Pokémon,1.0,31.5,"Simple, Unaware, Moody"
412,Burmy,Bug,Bagworm Pokémon,0.2,3.4,"Shed Skin, Overcoat"
413,Wormadam,"Bug, Grass",Bagworm Pokémon,0.5,6.5,"Anticipation, Overcoat"
414,Mothim,"Bug, Flying",Moth Pokémon,0.9,23.3,"Swarm, Tinted Lens"
672,Skiddo,Grass,Mount Pokémon,0.9,31.0,"Sap Sipper, Grass Pelt"
673,Gogoat,Grass,Mount Pokémon,1.7,91.0,"Sap Sipper, Grass Pelt"
161,Sentret,Normal,Scout Pokémon,0.8,6.0,"Run Away, Keen Eye, Frisk"
162,Furret,Normal,Long Body Pokémon,1.8,32.5,"Run Away, Keen Eye, Frisk"
543,Venipede,"Bug, Poison",Centipede Pokémon,0.4,5.3,"Poison Point, Swarm, Speed Boost"
544,Whirlipede,"Bug, Poison",Curlipede Pokémon,1.2,58.5,"Poison Point, Swarm, Speed Boost"
545,Scolipede,"Bug, Poison",Megapede Pokémon,2.5,200.5,"Poison Point, Swarm, Speed Boost"
531,Audino,Normal,Hearing Pokémon,1.1,31.0,"Healer, Regenerator, Klutz"
580,Ducklett,"Water, Flying",Water Bird Pokémon,0.5,5.5,"Keen Eye, Big Pecks, Hydration"
581,Swanna,"Water, Flying",White Bird Pokémon,1.3,24.2,"Keen Eye, Big Pecks, Hydration"
187,Hoppip,"Grass, Flying",Cottonweed Pokémon,0.4,0.5,"Chlorophyll, Leaf Guard, Infiltrator"
188,Skiploom,"Grass, Flying",Cottonweed Pokémon,0.6,1.0,"Chlorophyll, Leaf Guard, Infiltrator"
189,Jumpluff,"Grass, Flying",Cottonweed Pokémon,0.8,3.0,"Chlorophyll, Leaf Guard, Infiltrator"
719,Diancie,"Rock, Fairy",Jewel Pokémon,0.7,8.8,Clear Body
720,Hoopa,"Psychic, Ghost",Mischief Pokémon,0.5,9.0,Magician
721,Volcanion,"Fire, Water",Steam Pokémon,1.7,195.0,Water Absorb
193,Yanma,"Bug, Flying",Clear Wing Pokémon,1.2,38.0,"Speed Boost, Compound Eyes, Frisk"
469,Yanmega,"Bug, Flying",Ogre Darner Pokémon,1.9,51.5,"Speed Boost, Tinted Lens, Frisk"
396,Starly,"Normal, Flying",Starling Pokémon,0.3,2.0,"Keen Eye, Reckless"
397,Staravia,"Normal, Flying",Starling Pokémon,0.6,15.5,"Intimidate, Reckless"
398,Staraptor,"Normal, Flying",Predator Pokémon,1.2,24.9,"Intimidate, Reckless"
417,Pachirisu,Electric,EleSquirrel Pokémon,0.4,3.9,"Run Away, Pickup, Volt Absorb"
441,Chatot,"Normal, Flying",Music Note Pokémon,0.5,1.9,"Keen Eye, Tangled Feet, Big Pecks"
455,Carnivine,Grass,Bug Catcher Pokémon,1.4,27.0,Levitate
504,Patrat,Normal,Scout Pokémon,0.5,11.6,"Run Away, Keen Eye, Analytic"
505,Watchog,Normal,Lookout Pokémon,1.1,27.0,"Illuminate, Keen Eye, Analytic"
590,Foongus,"Grass, Poison",Mushroom Pokémon,0.2,1.0,"Effect Spore, Regenerator"
591,Amoonguss,"Grass, Poison",Mushroom Pokémon,0.6,10.5,"Effect Spore, Regenerator"
418,Buizel,Water,Sea Weasel Pokémon,0.7,29.5,"Swift Swim, Water Veil"
419,Floatzel,Water,Sea Weasel Pokémon,1.1,33.5,"Swift Swim, Water Veil"
615,Cryogonal,Ice,Crystallizing Pokémon,1.1,148.0,Levitate
207,Gligar,"Ground, Flying",FlyScorpion Pokémon,1.1,64.8,"Hyper Cutter, Sand Veil, Immunity"
472,Gliscor,"Ground, Flying",Fang Scorp Pokémon,2.0,42.5,"Hyper Cutter, Sand Veil, Poison Heal"
216,Teddiursa,Normal,Little Bear Pokémon,0.6,8.8,"Pickup, Quick Feet, Honey Gather"
217,Ursaring,Normal,Hibernator Pokémon,1.8,125.8,"Guts, Quick Feet, Unnerve"
716,Xerneas,Fairy,Life Pokémon,3.0,215.0,Fairy Aura
717,Yveltal,"Dark, Flying",Destruction Pokémon,5.8,203.0,Dark Aura
494,Victini,"Psychic, Fire",Victory Pokémon,0.4,4.0,Victory Star
495,Snivy,Grass,Grass Snake Pokémon,0.6,8.1,"Overgrow, Contrary"
496,Servine,Grass,Grass Snake Pokémon,0.8,16.0,"Overgrow, Contrary"
497,Serperior,Grass,Regal Pokémon,3.3,63.0,"Overgrow, Contrary"
498,Tepig,Fire,Fire Pig Pokémon,0.5,9.9,"Blaze, Thick Fat"
499,Pignite,"Fire, Fighting",Fire Pig Pokémon,1.0,55.5,"Blaze, Thick Fat"
500,Emboar,"Fire, Fighting",Mega Fire Pig Pokémon,1.6,150.0,"Blaze, Reckless"
501,Oshawott,Water,Sea Otter Pokémon,0.5,5.9,"Torrent, Shell Armor"
502,Dewott,Water,Discipline Pokémon,0.8,24.5,"Torrent, Shell Armor"
503,Samurott,Water,Formidable Pokémon,1.5,94.6,"Torrent, Shell Armor"
540,Sewaddle,"Bug, Grass",Sewing Pokémon,0.3,2.5,"Swarm, Chlorophyll, Overcoat"
541,Swadloon,"Bug, Grass",Leaf-Wrapped Pokémon,0.5,7.3,"Leaf Guard, Chlorophyll, Overcoat"
542,Leavanny,"Bug, Grass",Nurturing Pokémon,1.2,20.5,"Swarm, Chlorophyll, Overcoat"
191,Sunkern,Grass,Seed Pokémon,0.3,1.8,"Chlorophyll, Solar Power, Early Bird"
192,Sunflora,Grass,Sun Pokémon,0.8,8.5,"Chlorophyll, Solar Power, Early Bird"
522,Blitzle,Electric,Electrified Pokémon,0.8,29.8,"Lightning Rod, Motor Drive, Sap Sipper"
523,Zebstrika,Electric,Thunderbolt Pokémon,1.6,79.5,"Lightning Rod, Motor Drive, Sap Sipper"
585,Deerling,"Normal, Grass",Season Pokémon,0.6,19.5,"Chlorophyll, Sap Sipper, Serene Grace"
586,Sawsbuck,"Normal, Grass",Season Pokémon,1.9,92.5,"Chlorophyll, Sap Sipper, Serene Grace"
602,Tynamo,Electric,EleFish Pokémon,0.2,0.3,Levitate
603,Eelektrik,Electric,EleFish Pokémon,1.2,22.0,Levitate
604,Eelektross,Electric,EleFish Pokémon,2.1,80.5,Levitate
641,Tornadus,Flying,Cyclone Pokémon,1.5,63.0,"Prankster, Defiant"
642,Thundurus,"Electric, Flying",Bolt Strike Pokémon,1.5,61.0,"Prankster, Defiant"
645,Landorus,"Ground, Flying",Abundance Pokémon,1.5,68.0,"Sand Force, Sheer Force"
465,Tangrowth,Grass,Vine Pokémon,2.0,128.6,"Chlorophyll, Leaf Guard, Regenerator"
638,Cobalion,"Steel, Fighting",Iron Will Pokémon,2.1,250.0,Justified
639,Terrakion,"Rock, Fighting",Cavern Pokémon,1.9,260.0,Justified
640,Virizion,"Grass, Fighting",Grassland Pokémon,2.0,200.0,Justified
626,Bouffalant,Normal,Bash Buffalo Pokémon,1.6,94.6,"Reckless, Sap Sipper, Soundproof"
643,Reshiram,"Dragon, Fire",Vast White Pokémon,3.2,330.0,Turboblaze
644,Zekrom,"Dragon, Electric",Deep Black Pokémon,2.9,345.0,Teravolt
646,Kyurem,"Dragon, Ice",Boundary Pokémon,3.0,325.0,Pressure
647,Keldeo,"Water, Fighting",Colt Pokémon,1.4,48.5,Justified
648,Meloetta,"Normal, Psychic",Melody Pokémon,0.6,6.5,Serene Grace
649,Genesect,"Bug, Steel",Paleozoic Pokémon,1.5,82.5,Download
152,Chikorita,Grass,Leaf Pokémon,0.9,6.4,"Overgrow, Leaf Guard"
153,Bayleef,Grass,Leaf Pokémon,1.2,15.8,"Overgrow, Leaf Guard"
154,Meganium,Grass,Herb Pokémon,1.8,100.5,"Overgrow, Leaf Guard"
155,Cyndaquil,Fire,Fire Mouse Pokémon,0.5,7.9,"Blaze, Flash Fire"
156,Quilava,Fire,Volcano Pokémon,0.9,19.0,"Blaze, Flash Fire"
157,Typhlosion,Fire,Volcano Pokémon,1.7,79.5,"Blaze, Flash Fire"
158,Totodile,Water,Big Jaw Pokémon,0.6,9.5,"Torrent, Sheer Force"
159,Croconaw,Water,Big Jaw Pokémon,1.1,25.0,"Torrent, Sheer Force"
160,Feraligatr,Water,Big Jaw Pokémon,2.3,88.8,"Torrent, Sheer Force"
201,Unown,Psychic,Symbol Pokémon,0.5,5.0,Levitate
234,Stantler,Normal,Big Horn Pokémon,1.4,71.2,"Intimidate, Frisk, Sap Sipper"
243,Raikou,Electric,Thunder Pokémon,1.9,178.0,"Pressure, Inner Focus"
244,Entei,Fire,Volcano Pokémon,2.1,198.0,"Pressure, Inner Focus"
245,Suicune,Water,Aurora Pokémon,2.0,187.0,"Pressure, Inner Focus"
249,Lugia,"Psychic, Flying",Diving Pokémon,5.2,216.0,"Pressure, Multiscale"
250,Ho-oh,"Fire, Flying",Rainbow Pokémon,3.8,199.0,"Pressure, Regenerator"
251,Celebi,"Psychic, Grass",Time Travel Pokémon,0.6,5.0,Natural Cure
387,Turtwig,Grass,Tiny Leaf Pokémon,0.4,10.2,"Overgrow, Shell Armor"
388,Grotle,Grass,Grove Pokémon,1.1,97.0,"Overgrow, Shell Armor"
389,Torterra,"Grass, Ground",Continent Pokémon,2.2,310.0,"Overgrow, Shell Armor"
390,Chimchar,Fire,Chimp Pokémon,0.5,6.2,"Blaze, Iron Fist"
391,Monferno,"Fire, Fighting",Playful Pokémon,0.9,22.0,"Blaze, Iron Fist"
392,Infernape,"Fire, Fighting",Flame Pokémon,1.2,55.0,"Blaze, Iron Fist"
393,Piplup,Water,Penguin Pokémon,0.4,5.2,"Torrent, Defiant"
394,Prinplup,Water,Penguin Pokémon,0.8,23.0,"Torrent, Defiant"
395,Empoleon,"Water, Steel",Emperor Pokémon,1.7,84.5,"Torrent, Defiant"
401,Kricketot,Bug,Cricket Pokémon,0.3,2.2,"Shed Skin, Run Away"
402,Kricketune,Bug,Cricket Pokémon,1.0,25.5,"Swarm, Technician"
403,Shinx,Electric,Flash Pokémon,0.5,9.5,"Rivalry, Intimidate, Guts"
404,Luxio,Electric,Spark Pokémon,0.9,30.5,"Rivalry, Intimidate, Guts"
405,Luxray,Electric,Gleam Eyes Pokémon,1.4,42.0,"Rivalry, Intimidate, Guts"
431,Glameow,Normal,Catty Pokémon,0.5,3.9,"Limber, Own Tempo, Keen Eye"
432,Purugly,Normal,Tiger Cat Pokémon,1.0,43.8,"Thick Fat, Own Tempo, Defiant"
442,Spiritomb,"Ghost, Dark",Forbidden Pokémon,1.0,108.0,"Pressure, Infiltrator"
480,Uxie,Psychic,Knowledge Pokémon,0.3,0.3,Levitate
481,Mesprit,Psychic,Emotion Pokémon,0.3,0.3,Levitate
482,Azelf,Psychic,Willpower Pokémon,0.3,0.3,Levitate
483,Dialga,"Steel, Dragon",Temporal Pokémon,5.4,683.0,"Pressure, Telepathy"
484,Palkia,"Water, Dragon",Spatial Pokémon,4.2,336.0,"Pressure, Telepathy"
490,Manaphy,Water,Seafaring Pokémon,0.3,1.4,Hydration
487,Giratina,"Ghost, Dragon",Renegade Pokémon,4.5,750.0,"Pressure, Telepathy"
